state,state_fips,year,log_median_income,poverty_rate,unemployment_rate,pct_black,pct_hispanic
Alabama,1,2010,10.608415071631605,0.19033548533631028,0.11825240797644425,0.2625888711633006,0.03819929291759886
Alabama,1,2011,10.631398413032365,0.19040193814731224,0.11575667469038461,0.26544264315786403,0.03877036858126819
Alabama,1,2012,10.635230250855436,0.18962570039630522,0.09984372505503351,0.26285212658670437,0.03845709570443774
Alabama,1,2013,10.665437586530738,0.18730944285591605,0.09629148275077948,0.26486008090659746,0.03929352991338766
Alabama,1,2014,10.664994070609417,0.1925257675806216,0.08566295089644552,0.26513323257812293,0.03967788027204319
Alabama,1,2015,10.709181863068256,0.18495658983437185,0.07168709291965734,0.2668628532866678,0.03969352409220126
Alabama,1,2016,10.741968082839463,0.17088689690169148,0.06351721813482522,0.26619209178952563,0.04105977422737647
Alabama,1,2017,10.781515512284951,0.16888918814281145,0.058473594092025884,0.2671513003649215,0.041431893798796124
Alabama,1,2018,10.816994413033667,0.16802075977554184,0.05625463587588876,0.2656786564129863,0.043267303903887805
Alabama,1,2019,10.853870484578053,0.1545705198666245,0.04927929984208126,0.26774861646052517,0.044725214324974484
Alaska,2,2010,11.075598103713281,0.09942137303357242,0.09638670280945029,0.03181019209087026,0.05701100163168694
Alaska,2,2011,11.124686137527133,0.10455394278923691,0.08834026104683487,0.030179129342288415,0.05759784590946953
Alaska,2,2012,11.123018695777917,0.10117270908094934,0.07830920914621355,0.03365238041203146,0.05972528501645364
Alaska,2,2013,11.187707658989343,0.09329040215268411,0.0871570907792574,0.033403524809149925,0.06597590636783598
Alaska,2,2014,11.178612894590135,0.11233721087383294,0.07640655497190164,0.03204421689298144,0.06688456589370355
Alaska,2,2015,11.203065947573744,0.1034067969449127,0.07892461672270326,0.03350206924943665,0.070182494799792
Alaska,2,2016,11.24426139835421,0.09885243546676097,0.07979137354340286,0.029341118812121408,0.06915273610515787
Alaska,2,2017,11.200691103415608,0.11105497507189731,0.07573228595388065,0.028645773491305024,0.06990044539365635
Alaska,2,2018,11.216485150844548,0.10906281168977998,0.06845753666020976,0.032560025385184925,0.07196401595795172
Alaska,2,2019,11.23139774889025,0.10079232197274861,0.0575752590886659,0.029763035766767594,0.07183153462876515
Arizona,4,2010,10.753403411543824,0.17444664056195383,0.11821449822816553,0.038801559839450855,0.29762897979758135
Arizona,4,2011,10.751692144575056,0.18993303662666583,0.1114690295675537,0.03861099991438495,0.300700886462872
Arizona,4,2012,10.775324703655977,0.1866044457094706,0.09827109757656752,0.04031141776109735,0.3015454152173233
Arizona,4,2013,10.789525241239263,0.18626284140764107,0.08926462470425649,0.03971268024260921,0.30258454380390376
Arizona,4,2014,10.821137360447914,0.18241194127394947,0.07933013321411572,0.03946692883768275,0.30549816355501996
Arizona,4,2015,10.849181734779526,0.1737251572124367,0.06862505746761997,0.041405288321069,0.30732147394613263
Arizona,4,2016,10.888520457808427,0.16355752050849065,0.06502464664507104,0.04104387330616004,0.3094435189020571
Arizona,4,2017,10.943428518789158,0.14861800504574998,0.05807167016957069,0.04138652018807714,0.3138666271394915
Arizona,4,2018,10.989453546169914,0.1402305343851038,0.05350683698309013,0.04327988302824763,0.3160142037127878
Arizona,4,2019,11.03577636756362,0.13468327350326703,0.050792465617703904,0.043832587528818606,0.3174449563020516
Arkansas,5,2010,10.55338792609279,0.18835776347472602,0.0959073175193875,0.15815034607678105,0.06252520018099635
Arkansas,5,2011,10.565092465086195,0.19458928126978925,0.09351285728432736,0.15663079960748527,0.06468630306751683
Arkansas,5,2012,10.599430820398075,0.1982707048764126,0.08431089225621233,0.1555356476195869,0.0670926452571961
Arkansas,5,2013,10.609328821154959,0.1967984993074262,0.08090693448889645,0.15585362169621741,0.06863311924519147
Arkansas,5,2014,10.627697258547892,0.18866082801222123,0.06757702952605636,0.15703238538428632,0.06936527451574635
Arkansas,5,2015,10.645305842559727,0.19066288417320182,0.05834211232066048,0.15663332666264634,0.069754456041292
Arkansas,5,2016,10.699507156016702,0.1722279145665366,0.05106879750478285,0.15468327929944234,0.07179591519847081
Arkansas,5,2017,10.733544786612352,0.16403029707635064,0.05569851227923016,0.15161707684273,0.07448176417702883
Arkansas,5,2018,10.759221160315827,0.17245358659596752,0.044862512843083444,0.15081200799648287,0.07641452307283933
Arkansas,5,2019,10.798595505142377,0.16207580646317646,0.04822612306991718,0.15408422813410017,0.07686085643732993
California,6,2010,10.963151091065663,0.15803525840690494,0.12790749678599492,0.057681197936361055,0.37723296646317633
California,6,2011,10.955829000871807,0.1656330038621966,0.12333685332213597,0.057004749453941204,0.3809703259415442
California,6,2012,10.973837531486266,0.16956475071110397,0.11364256976790442,0.05652923667695983,0.38215337856647347
California,6,2013,11.005261504541817,0.1683507216791511,0.10046578354322487,0.05654094600248181,0.383990580739524
California,6,2014,11.033808434547957,0.16445245677456266,0.08500238033246219,0.05555654919141808,0.38628361574640807
California,6,2015,11.074420502783864,0.15343687832954672,0.07287150966920294,0.05601875579035774,0.38790689996310623
California,6,2016,11.123417363936255,0.14347069780489619,0.06510156244544953,0.055056230931059214,0.38931896513573483
California,6,2017,11.181709390494719,0.1330189572471362,0.05911656931873974,0.05474006613559322,0.3914672797416615
California,6,2018,11.228929922243076,0.12801452628690468,0.055326210174764044,0.05508697628955853,0.3928539657095215
California,6,2019,11.295266843886589,0.11754324025363709,0.05064053060742512,0.054970053190882225,0.3941788342306126
Colorado,8,2010,10.897590814778392,0.13371751079916452,0.09857329387699762,0.03756294969906345,0.20750351896418173
Colorado,8,2011,10.922100188159392,0.13478163693532033,0.09289494381225064,0.03839394808782683,0.2092244834462816
Colorado,8,2012,10.946675217598633,0.13707482100763632,0.0780396985681338,0.03948872519027169,0.20987465836684605
Colorado,8,2013,10.982288213867557,0.1295644090094053,0.07015365885747615,0.0374387357600562,0.2103925182129491
Colorado,8,2014,11.023584060367908,0.12044453957678118,0.05451571322488896,0.038442709358299854,0.2119371545143213
Colorado,8,2015,11.065215475518313,0.11490503627787606,0.05197725662885476,0.03910677285784084,0.21337161376350802
Colorado,8,2016,11.092625867903608,0.11046123232048546,0.04731964091605358,0.039838680129842825,0.21319527230624424
Colorado,8,2017,11.143555999758231,0.1029183469801047,0.04203872574685723,0.03914641902112908,0.21521149588543492
Colorado,8,2018,11.183768407068236,0.0963762009101635,0.03944814207488378,0.03920577488024013,0.21685771593471692
Colorado,8,2019,11.253208692800149,0.09347072954771844,0.036692855350147886,0.03955937552963011,0.21826022238213386
Connecticut,9,2010,11.06713823738346,0.10099432445037852,0.1049058253292982,0.09369420193549306,0.1347193641281573
Connecticut,9,2011,11.09366057637554,0.10883569973172433,0.1061777309506198,0.0945818272303055,0.1380422145446614
Connecticut,9,2012,11.116558839847324,0.10688030290071288,0.09722458010702033,0.09443739003500219,0.14222775681570612
Connecticut,9,2013,11.113909516256243,0.10727751249299569,0.0925109161579633,0.09618250984405241,0.14659379101688505
Connecticut,9,2014,11.15693600032259,0.10751918807193767,0.07889536553929252,0.09724031376740253,0.15045915994124576
Connecticut,9,2015,11.175296559665634,0.1054053914296516,0.06926995990918793,0.09899200364478293,0.1542190423199177
Connecticut,9,2016,11.204128704847383,0.0977451020517571,0.0640011407003218,0.09851802848185856,0.15723599813446398
Connecticut,9,2017,11.214088069286818,0.09594255300087522,0.061049229003793726,0.09874632961966276,0.16131642078555614
Connecticut,9,2018,11.243057115149783,0.10419538541338993,0.05514530914158271,0.09997130993250136,0.16508964596456707
Connecticut,9,2019,11.275086969907266,0.1003191496125066,0.05324253589177393,0.10120643864014314,0.1685569773204794
Delaware,10,2010,10.930371087745765,0.11829408192185707,0.09286284824119716,0.21070408071404995,0.08206773071755084
Delaware,10,2011,10.98213520078464,0.11880845874610275,0.08940949657741963,0.20886858075148682,0.08394891609297403
Delaware,10,2012,10.97532798515125,0.1204697677656056,0.08761863666366893,0.20854832448652916,0.08593794297627719
Delaware,10,2013,10.965539585892435,0.12365242657626938,0.08595774875294238,0.20842042497480417,0.08743622731431522
Delaware,10,2014,10.99735527017348,0.1247874091232406,0.0673310908664224,0.2113724249530255,0.08906023210426522
Delaware,10,2015,11.022800757728271,0.12425640106263344,0.05827541145054071,0.21188899014096121,0.09018176743832022
Delaware,10,2016,11.030962608389315,0.11674959864661914,0.05664130921721702,0.2135127328491227,0.09153996838451156
Delaware,10,2017,11.048538035310022,0.13582160272186553,0.0527485694935269,0.2148680945465357,0.09308282541824378
Delaware,10,2018,11.079138039857476,0.12462132727315245,0.057286568563743596,0.2180669188799085,0.09509693735647574
Delaware,10,2019,11.158761651217615,0.11257996412527581,0.04630933184909923,0.21957989820942242,0.09590619493018843
District of Columbia,11,2010,11.017037713568445,0.19164975050485766,0.1240662381586846,0.5045355056555265,0.09141488254669924
District of Columbia,11,2011,11.052856324868022,0.18707865264641632,0.1137744198720052,0.49478637402183834,0.09505563142803514
District of Columbia,11,2012,11.106204568690059,0.18178018593967074,0.10342908068828409,0.4875451312066776,0.09919930162274661
District of Columbia,11,2013,11.12094897504262,0.18887425055738263,0.10446569472187199,0.47974240814047203,0.10141557957394938
District of Columbia,11,2014,11.179520519398482,0.17725646976664472,0.08859504306593598,0.47727476236657546,0.10374370345412684
District of Columbia,11,2015,11.233581863967819,0.17319016279875304,0.07250638138330928,0.46548789993871126,0.1058108260887675
District of Columbia,11,2016,11.231967402278203,0.1857596803231355,0.06919595015258372,0.4636845427719952,0.10925613283027731
District of Columbia,11,2017,11.319000852325239,0.16638360867156493,0.06590777941633416,0.45348371404033594,0.11027246056036843
District of Columbia,11,2018,11.35279192346511,0.16150970582828,0.07541189689775929,0.4436640069470642,0.11281719113679879
District of Columbia,11,2019,11.432430988597913,0.13451483639183942,0.0626380691348715,0.4414813198460076,0.1126136912698424
Florida,12,2010,10.701197430581601,0.16528600318016348,0.13349580625375873,0.1526165815949902,0.22571370892803108
Florida,12,2011,10.698717382415014,0.17013973311361852,0.124095840819118,0.15337597052127708,0.22852112827561918
Florida,12,2012,10.715306262813572,0.1712404280792592,0.11544567022767994,0.15315525225535637,0.23213072163121154
Florida,12,2013,10.737178978088382,0.17006489823548937,0.09704860488507955,0.15445459129764136,0.236247587309478
Florida,12,2014,10.767705739117174,0.16495019827726562,0.08046181409649829,0.15502101034333324,0.2407278190236641
Florida,12,2015,10.808231880509911,0.15702153757365092,0.07013281052430705,0.15517600474208032,0.2448245477639489
Florida,12,2016,10.83683203897611,0.1472666848989037,0.05975286240585278,0.15342526908145127,0.248712828210189
Florida,12,2017,10.870357323778437,0.14047239853144786,0.05499907529010843,0.1536594803758983,0.25594536894073694
Florida,12,2018,10.923453380546235,0.1360448441148588,0.051710122508897276,0.1527070928304066,0.26115625729923364
Florida,12,2019,10.989132797979813,0.12659920592464666,0.045201389419544664,0.15238588683714677,0.2636976605123715
Georgia,13,2010,10.745701081013967,0.17878149734950258,0.12591150276089597,0.3033321606282652,0.08822819296238994
Georgia,13,2011,10.736548837807,0.19138127075137448,0.12159923557876486,0.30327868685438214,0.08966359354512028
Georgia,13,2012,10.762339831363015,0.1915063056611921,0.11037572918303332,0.30480199234975597,0.09116411431716608
Georgia,13,2013,10.775387429075476,0.18967023059765778,0.10290761133085324,0.3052394940957252,0.09081113235997756
Georgia,13,2014,10.806105232822933,0.18302064392414427,0.08283828281179251,0.3086095025196232,0.09132253900852927
Georgia,13,2015,10.844353816976325,0.17046799579006441,0.0710389137832827,0.3093389434608012,0.09301086847984211
Georgia,13,2016,10.888539128981071,0.15965945303286258,0.05967049182801626,0.31090471914153234,0.09333650554378693
Georgia,13,2017,10.936369499018918,0.14945739170064995,0.057619039741060765,0.3111758619568816,0.09602412569338979
Georgia,13,2018,10.981148554451305,0.14344086891074984,0.04802587250320082,0.31191071797784586,0.09712975219770949
Georgia,13,2019,11.034567031341739,0.1329693628555194,0.04795861696713483,0.31540176933706043,0.09820104181589073
Hawaii,15,2010,11.051366082507156,0.10719835219806194,0.08100569519544384,0.013940823733280728,0.08873506641508161
Hawaii,15,2011,11.0319983915501,0.1204966893106908,0.07667362375128153,0.018161782355380015,0.09195379725198391
Hawaii,15,2012,11.101326583678425,0.11589066215023046,0.07078071133196351,0.017312199196588697,0.09462168348639997
Hawaii,15,2013,11.127557058561186,0.1084829438852582,0.060733962360530365,0.019824023862330082,0.09833240032078538
Hawaii,15,2014,11.150404897187377,0.11358787190064676,0.05396223996353614,0.01999420947743704,0.10090302565370561
Hawaii,15,2015,11.204850190867559,0.10614860546537926,0.049314385720862976,0.019230191610383605,0.10387307095612401
Hawaii,15,2016,11.218702044475025,0.09325254310723298,0.044266674834292336,0.017072472431971564,0.10370604743107906
Hawaii,15,2017,11.26144673747866,0.09545857189154154,0.041902552138843564,0.0158517671683696,0.10516357533039401
Hawaii,15,2018,11.292428408596924,0.08835269030010533,0.03823713200446545,0.018992024588680954,0.10655188945230909
Hawaii,15,2019,11.327824047942613,0.0933391729836891,0.03879349816849817,0.017794687655381277,0.10655200470098992
Idaho,16,2010,10.680286305591684,0.15712970049161404,0.09989968188598054,0.005424289668777244,0.11284227942346241
Idaho,16,2011,10.676854348197491,0.16452484449209784,0.09966308810055564,0.004729382296993347,0.11466354571178906
Idaho,16,2012,10.725225817469049,0.1587302804004571,0.08012319472200241,0.005178200796125656,0.11603418627736055
Idaho,16,2013,10.753275168052005,0.15575733569354183,0.07243271055253676,0.005292357468600664,0.11801113553695222
Idaho,16,2014,10.77605625551905,0.14845207640527658,0.055332058642701444,0.006312161050962273,0.12047496916420307
Idaho,16,2015,10.784669107296715,0.15137696687536525,0.053598973520334395,0.00533436459548138,0.12075435214782498
Idaho,16,2016,10.85528055425278,0.14368035183517772,0.04686170405514994,0.00605059591002531,0.12313176562852764
Idaho,16,2017,10.863316586424766,0.128259800971366,0.0414173000062126,0.006375866875021477,0.12441822471683685
Idaho,16,2018,10.92563267809028,0.11796043766256527,0.0397957726363896,0.005704568671446032,0.126817344351411
Idaho,16,2019,11.018612749578452,0.11173890188181392,0.03319883740810395,0.006910213114799966,0.128419503487562
Illinois,17,2010,10.877518751046855,0.13805691684517274,0.11432478800484766,0.1431680475047975,0.15867201280431945
Illinois,17,2011,10.882452568938104,0.14959639255906423,0.11024051140480945,0.14323412093889787,0.16139468480663882
Illinois,17,2012,10.917576276133584,0.1471774841343136,0.10166943513057809,0.14179323050300752,0.16310418706270283
Illinois,17,2013,10.93684995599612,0.14673133132114358,0.09508230473826376,0.14026316289962806,0.16445364064264192
Illinois,17,2014,10.95856583918051,0.14353776787628994,0.08058183148240326,0.14073993562401693,0.16703486954779986
Illinois,17,2015,10.995209490499484,0.1356159543010817,0.06922133489952091,0.14101459603988958,0.16889493347392437
Illinois,17,2016,11.017973190360529,0.12969929668373772,0.06301749728367023,0.13987802560301538,0.1701975051593406
Illinois,17,2017,11.050763013183518,0.12554287843937645,0.061414721245687635,0.13986164530402734,0.17238892634390673
Illinois,17,2018,11.082603980863198,0.12125123651602025,0.05534274125464799,0.1380821719979782,0.17336583711898834
Illinois,17,2019,11.144568262685945,0.11480788855987158,0.04844600554950448,0.13883505772374782,0.17489988218741412
Indiana,18,2010,10.705780575356794,0.15295697758823415,0.10820415225339304,0.08912953013278699,0.06001736967849455
Indiana,18,2011,10.745873368562311,0.15999782875044588,0.10006526021898975,0.08904663888872692,0.0612997976652168
Indiana,18,2012,10.757349536135969,0.1561430071756488,0.08767784893996959,0.09031755146669881,0.06254843335218914
Indiana,18,2013,10.769095330043152,0.15941340067117993,0.07828912758130044,0.09045698748817134,0.06400597665282483
Indiana,18,2014,10.808636443991439,0.15242495454872595,0.070615877622225,0.09173977599932089,0.06449512684453425
Indiana,18,2015,10.830362077949928,0.1454137785632789,0.05815275781613432,0.09007610639789235,0.06633160515311919
Indiana,18,2016,10.86501930065587,0.14085257377653665,0.05018109488807949,0.09176272223363811,0.06755245284486645
Indiana,18,2017,10.90008557246396,0.13479208915848603,0.04743209285628814,0.09195991250998602,0.06924112822638927
Indiana,18,2018,10.928560937869367,0.13139215698058684,0.04405680578860608,0.09393521519669068,0.07059587756979431
Indiana,18,2019,10.961329928661026,0.11903817915957671,0.041608159280264706,0.09395163763983316,0.07212391634912649
Iowa,19,2010,10.778143459633002,0.12558490786038204,0.06749193612356275,0.03050641614776698,0.049751416693689564
Iowa,19,2011,10.80825211257166,0.1278390283175676,0.06024658544867363,0.028129754378150604,0.050040998475333484
Iowa,19,2012,10.83873741881143,0.12691844093839572,0.05345451538528888,0.02909680806561477,0.05225578413277531
Iowa,19,2013,10.86339317516243,0.12672754682167486,0.04825652595042041,0.03253218984110877,0.05401376384279657
Iowa,19,2014,10.891391719219817,0.12240715614753048,0.04418168339279245,0.03092954711202571,0.055056344673502136
Iowa,19,2015,10.910276907217385,0.1215868699126322,0.04159056286957392,0.033403128590264924,0.055801419956279
Iowa,19,2016,10.937507985311061,0.1175645869909591,0.03942561435654557,0.03461327791908171,0.05712265922053611
Iowa,19,2017,10.977977899083829,0.10728072033724342,0.03583185993487281,0.03305739147683942,0.05904738229290612
Iowa,19,2018,11.001349559813534,0.11240538505513363,0.03621185698711052,0.03598123660351473,0.060666731091252146
Iowa,19,2019,11.029893332154973,0.1116769937801943,0.037097101396681445,0.03989166642895403,0.06259195517056673
Kansas,20,2010,10.784296173964584,0.13602944488182592,0.07926033965364046,0.05654545079356974,0.10532430926608395
Kansas,20,2011,10.798840613195402,0.13759847570110392,0.07436898547885268,0.05707224549131768,0.10685495246301421
Kansas,20,2012,10.824586705402588,0.13979481173232383,0.06504126640145849,0.05633380170171922,0.10942009525608085
Kansas,20,2013,10.83903174133217,0.13989932148341835,0.05884275379568847,0.05715668892108625,0.11141285098569191
Kansas,20,2014,10.868644636153558,0.1356446427362569,0.052042728991533956,0.0569090237295116,0.11327638470933922
Kansas,20,2015,10.894997067955957,0.1303025175710002,0.04651591541117251,0.05780005158603001,0.1155090892043353
Kansas,20,2016,10.913905947134982,0.12121744004665476,0.044873980083542236,0.05538733851364622,0.11588424817759775
Kansas,20,2017,10.940614432350252,0.11901034740338745,0.042059224540548105,0.05531795258902559,0.11860467271721792
Kansas,20,2018,10.971949864253354,0.11967915687551316,0.03813776590318234,0.056030032526077536,0.11967776171127696
Kansas,20,2019,11.036291906232384,0.11432961018360574,0.0375124877436639,0.055428971954276124,0.12178707822088522
Kentucky,21,2010,10.598183533085924,0.18982299971795524,0.11156713058997582,0.07680615958618271,0.030155310328452055
Kentucky,21,2011,10.62476047015509,0.19141642971929906,0.10414023043621486,0.07852759079370049,0.030097799309555
Kentucky,21,2012,10.638831781795862,0.19382553236876995,0.09313710735303685,0.07763100071568561,0.030598698981717486
Kentucky,21,2013,10.678191678348384,0.18765369539272425,0.08369591403717044,0.07870188462890432,0.032555493999833915
Kentucky,21,2014,10.667978173164208,0.19122183657559516,0.07646149649968179,0.07825792796893682,0.032892582843788896
Kentucky,21,2015,10.71918416917458,0.1850934563971933,0.0648697703437935,0.07936377367973367,0.033022364280787836
Kentucky,21,2016,10.75062111371267,0.18471009103844588,0.05996049668184632,0.08123284021948292,0.03423955155022319
Kentucky,21,2017,10.786738430332083,0.1724005812481454,0.0551019403343947,0.07988637213194141,0.03483529773882518
Kentucky,21,2018,10.82470612264658,0.16882952080354946,0.05218249030711394,0.07822528053653185,0.03614401748096971
Kentucky,21,2019,10.864656043188369,0.16262534163069794,0.04791332072000801,0.08008397212598146,0.03760727340608858
Louisiana,22,2010,10.65737699505146,0.18694258352609602,0.10063409697405194,0.3183189751922659,0.0426325439656637
Louisiana,22,2011,10.63907142329333,0.20434044180501193,0.09255824195425047,0.3193087140172894,0.04325094932364788
Louisiana,22,2012,10.667652220331354,0.19949735436718405,0.08814361918487468,0.3198933569294201,0.04511969313497728
Louisiana,22,2013,10.695665256559028,0.19755754685940277,0.07995470620544193,0.321033538213414,0.047264386105628185
Louisiana,22,2014,10.70447966004682,0.19841076457472295,0.07456666113308748,0.32110753523471314,0.04815152711715827
Louisiana,22,2015,10.730444212051008,0.19595049241603563,0.07092191467923789,0.3194003756162856,0.04893845151201398
Louisiana,22,2016,10.717656961343524,0.20197614747151188,0.06961313198555172,0.3210177744418333,0.04937729432214942
Louisiana,22,2017,10.739543891699677,0.19745919042608265,0.0654267700499082,0.3214952907916666,0.05200740425584603
Louisiana,22,2018,10.776975162084973,0.18627087313215993,0.0636983800646785,0.3216770551277281,0.051492517775834995
Louisiana,22,2019,10.841011260818293,0.18997288676659854,0.054676843642509784,0.32145068161764107,0.05382105552536851
Maine,23,2010,10.732366827399314,0.1293429604674976,0.0831091112517808,0.011204707559015854,0.012421218665423289
Maine,23,2011,10.73711380957344,0.14125188712112413,0.08589752336767414,0.009704198502019293,0.013411504997786459
Maine,23,2012,10.751692144575056,0.1467277226842485,0.07621396965504625,0.010018116269131924,0.013881365521309186
Maine,23,2013,10.757349536135969,0.1396160383111498,0.06939156898367257,0.00982909007138437,0.013876362453719109
Maine,23,2014,10.808959976974403,0.1412594502820305,0.05859928975798734,0.012108964136986321,0.014915543245602361
Maine,23,2015,10.849220575010241,0.1335038932835059,0.05370861159108953,0.010421807108554096,0.015159539255924798
Maine,23,2016,10.879536648781112,0.12480911995715953,0.0443518190631549,0.013491012625809344,0.015557136087013014
Maine,23,2017,10.938041204903517,0.11067493790423727,0.042074013629509584,0.011797976954982645,0.016392608168083557
Maine,23,2018,10.925974450814746,0.11639621150267178,0.035349478607630026,0.013823180444768546,0.016744570398773466
Maine,23,2019,10.984003756934829,0.10873629322904685,0.03452045750785742,0.015281815665981259,0.017160239605062296
Maryland,24,2010,11.139743599782216,0.09871680905542539,0.08789908158298937,0.290308369434955,0.08187391526624176
Maryland,24,2011,11.156307662256047,0.10058848857391514,0.08891737082877199,0.2910970955626943,0.0839877706819274
Maryland,24,2012,11.172151991277198,0.10284770765496057,0.08254341961713715,0.288237376335337,0.08674356957347555
Maryland,24,2013,11.191107330588766,0.10116705501697518,0.07443706760152638,0.2913567536441521,0.08968893272752358
Maryland,24,2014,11.21142840348472,0.10107624580211355,0.07169835771611148,0.29197660065654835,0.09306243701274027
Maryland,24,2015,11.23647343224762,0.09734739369875957,0.05481362954389842,0.2903284346150049,0.09527552356227964
Maryland,24,2016,11.276506686455988,0.09663191277791792,0.0539324341875649,0.2934690524158195,0.09752101198597778
Maryland,24,2017,11.299435170684157,0.09283893706989779,0.05213820836498551,0.2935624652088001,0.10123778600658903
Maryland,24,2018,11.329507307129068,0.089528678761162,0.04945088744438286,0.2949153013594214,0.1039987303726568
Maryland,24,2019,11.370647359710572,0.09023542137136424,0.04539301946321667,0.29747125219991793,0.10638522052109936
Massachusetts,25,2010,11.036050280573786,0.1144912436207402,0.10186977778322363,0.06264741307870642,0.09623174578870973
Massachusetts,25,2011,11.048649401857217,0.11598819440038145,0.0925317979375371,0.0616553746347648,0.09856067579744536
Massachusetts,25,2012,11.087344380477186,0.11888905621128266,0.0847007404089376,0.06404525691889913,0.10139488401093928
Massachusetts,25,2013,11.108979202831334,0.11933856111564571,0.07782518913658407,0.06421205757091476,0.10513932534308387
Massachusetts,25,2014,11.144177939797228,0.11632460130095648,0.06714006869068924,0.0651455034298889,0.10823570642428153
Massachusetts,25,2015,11.165181945422688,0.11466727369531024,0.058154661772134165,0.06768552203557565,0.11155444863448281
Massachusetts,25,2016,11.229195572356875,0.10443732812675638,0.05274480416992718,0.06704283858886202,0.11446290315642947
Massachusetts,25,2017,11.25654824234686,0.10452349615942393,0.04562781294534849,0.06965868924529933,0.11826726040439259
Massachusetts,25,2018,11.287717283773802,0.09961136267920445,0.0475115834460305,0.07007571120240957,0.12268352943409364
Massachusetts,25,2019,11.360275325435733,0.094008800513188,0.03941065223627389,0.07103254071851692,0.123864291390225
Michigan,26,2010,10.723553686653267,0.16758303181635403,0.15052619000984258,0.13884269558496853,0.04447266099955313
Michigan,26,2011,10.735983546667017,0.17535712584375318,0.13060670775526778,0.13899473551887992,0.04530290890603833
Michigan,26,2012,10.754898371671898,0.17438119324155402,0.11265791251801291,0.13920508814816013,0.04602867850609509
Michigan,26,2013,10.78462767712726,0.17047766521437016,0.09832436978674022,0.13756093351180956,0.04703281915982643
Michigan,26,2014,10.816713593037438,0.1619571071398597,0.08265847995114699,0.1376362188955524,0.047941563755029455
Michigan,26,2015,10.841226615616153,0.1577214417724333,0.07186206110730955,0.13737178732619432,0.04897639483940461
Michigan,26,2016,10.868416056016176,0.1496483161091042,0.062216393592787765,0.1356807308401237,0.04949789994258836
Michigan,26,2017,10.913432548488071,0.14159681116687675,0.0588438444267588,0.1364406310945322,0.05063062175031476
Michigan,26,2018,10.945476578263147,0.1405086532562918,0.05338412557489081,0.13637400878258768,0.05175924365103145
Michigan,26,2019,10.99514236063674,0.12986516479329885,0.0499977223996797,0.13521060730117593,0.052666519606719114
Minnesota,27,2010,10.923399287993865,0.11553148847606567,0.08325695637273137,0.05054171066684945,0.04675512147063299
Minnesota,27,2011,10.949999203458866,0.11909302647975435,0.07658862276441968,0.05114950603953966,0.048118370150318224
Minnesota,27,2012,10.983698232023686,0.11381407273459741,0.06257553806311071,0.05254149409412919,0.04908313393649058
Minnesota,27,2013,11.013731925433945,0.11193935092703654,0.05445379050268123,0.05346802253716529,0.04923086573266081
Minnesota,27,2014,11.02648346297243,0.11464567059074154,0.04697333903360443,0.056411992069886736,0.05065626469968975
Minnesota,27,2015,11.058606190644545,0.10182081968563302,0.041572134694242806,0.057045566575597395,0.05137720567313357
Minnesota,27,2016,11.091315730913552,0.0988213728394476,0.0383514517320329,0.05892370078580393,0.05225770079160109
Minnesota,27,2017,11.132952649623,0.09493958626803523,0.03606684856886346,0.06400828747808254,0.05319830735755762
Minnesota,27,2018,11.160740426304349,0.09640011631923946,0.03398851975386571,0.06458874329263066,0.05489274179276762
Minnesota,27,2019,11.219801948009026,0.08969096800676504,0.031753398565988,0.06432848809993276,0.05571586940424482
Mississippi,28,2010,10.514638034291343,0.22391304196628592,0.12317128855887689,0.37211030438688286,0.024725289525110133
Mississippi,28,2011,10.516481602659502,0.22554629249206457,0.11345138521462102,0.3733035153123439,0.027232725602582768
Mississippi,28,2012,10.521237468623626,0.24153530573629575,0.11338952027567818,0.37493994826002386,0.026841871456779832
Mississippi,28,2013,10.544367280159596,0.24048748897631048,0.10573642484065486,0.375943222919711,0.026897168935483235
Mississippi,28,2014,10.58860256139881,0.21520271320372858,0.09774762769676623,0.37686079759418506,0.026908441627625724
Mississippi,28,2015,10.611350916931753,0.21995878586429024,0.08882299283852396,0.37640396306159773,0.028659243473236434
Mississippi,28,2016,10.639550534072905,0.2083615922325533,0.077322864704901,0.37857234152612185,0.02902005737561757
Mississippi,28,2017,10.681182661619935,0.19766382419024373,0.0702755662379643,0.3787818772829329,0.02883113836667672
Mississippi,28,2018,10.70810902150003,0.19665866144132857,0.07147909148352519,0.3784837252597496,0.02917298671032938
Mississippi,28,2019,10.731864682356177,0.19604683090773195,0.06609893803031683,0.3780640687008614,0.030288470100119317
Missouri,29,2010,10.698762529141884,0.1527316267240899,0.09955713592165857,0.1160732466777881,0.035552332790381155
Missouri,29,2011,10.719891648587698,0.15778329186337034,0.094119431031612,0.11380028376119339,0.03599787578393688
Missouri,29,2012,10.721525780211834,0.1623485271003397,0.0859449056197035,0.11390158864481298,0.03678502846568276
Missouri,29,2013,10.756433716893001,0.15885763014525314,0.07469431687857116,0.11355734309965751,0.038011499012850565
Missouri,29,2014,10.786490337544109,0.15456384773531645,0.067847409361973,0.11608191122452395,0.03847968587580722
Missouri,29,2015,10.824526991432487,0.14833952816069626,0.05332028720758788,0.1158489478065221,0.039517745203883445
Missouri,29,2016,10.854102413454237,0.13989991608921612,0.04912222920157026,0.11467815526013458,0.039974889217134414
Missouri,29,2017,10.88889381504096,0.13422111030821204,0.04610963904850751,0.11356283078259834,0.04184209717066992
Missouri,29,2018,10.90555222943001,0.13229731589536275,0.04192780613984921,0.11403680303053056,0.04137370210359928
Missouri,29,2019,10.957956364441785,0.12937540158154887,0.03794709926791413,0.11361697440686881,0.04306918142257636
Montana,30,2010,10.661157629111573,0.14615623078685633,0.07514722924255549,0.0048269347601872245,0.028434813674061307
Montana,30,2011,10.6969776817921,0.1478955878955879,0.07927099458482716,0.004217595890198247,0.029383920440713727
Montana,30,2012,10.71610523307224,0.15521102515414126,0.07169368641704649,0.003471154793208117,0.03130406579773385
Montana,30,2013,10.757306958484971,0.16518928369891875,0.06509248281687086,0.003004437702245448,0.032685327015805316
Montana,30,2014,10.743501808905625,0.15426994484704676,0.049385183676136514,0.005586281078451199,0.033869393569035705
Montana,30,2015,10.809909750211677,0.14615763991636624,0.0454668565827957,0.004152189507904069,0.03611214106407964
Montana,30,2016,10.82031813866275,0.13322594427883175,0.0479438724318482,0.0032987376740973794,0.03557725511261175
Montana,30,2017,10.885303818290481,0.12471974489342741,0.03501814647635011,0.004169470905565292,0.03706164629369258
Montana,30,2018,10.921034388483017,0.1302351315036117,0.035056940086078875,0.004611669906476953,0.039164834957945226
Montana,30,2019,10.953487161283544,0.12648343406714607,0.04057794620711276,0.0057701412267093825,0.0377328126140321
Nebraska,31,2010,10.787420368302158,0.12944904924427109,0.06572096838491612,0.042969161874074326,0.09194456600064793
Nebraska,31,2011,10.825680830062897,0.13117603498623745,0.06279931749156299,0.044268525447984715,0.09412034140128218
Nebraska,31,2012,10.834134735626902,0.12991975141373444,0.053175937757023964,0.044576602309319466,0.09640613842443513
Nebraska,31,2013,10.8481713589115,0.1318779553472335,0.04607918959415506,0.04505286548255407,0.09803608853228979
Nebraska,31,2014,10.87210504458805,0.1243407848824011,0.04174180653992722,0.0459473091459328,0.10113191421964249
Nebraska,31,2015,10.915015734297125,0.12553495394213435,0.03212615848473287,0.04657655614679963,0.10387566646802272
Nebraska,31,2016,10.949525024262934,0.11423291082072035,0.03681067139910974,0.04567629866248304,0.10615452861808092
Nebraska,31,2017,11.001599716162556,0.10772381045319183,0.033495893838506624,0.04538726592072397,0.10932744328870315
Nebraska,31,2018,10.994840220474977,0.11002846414147392,0.03465160511930326,0.046326897040742915,0.11117325327533552
Nebraska,31,2019,11.054518335650037,0.09893381493362108,0.03272296733743014,0.04758923660365342,0.11345693359415387
Nevada,32,2010,10.839600519357369,0.14926038620567586,0.1408844577474393,0.0778868330817905,0.26623412636496807
Nevada,32,2011,10.798084670325027,0.15896266617396823,0.12661799894024106,0.07846042443750684,0.27070651212012387
Nevada,32,2012,10.814966727413061,0.16436612698243375,0.12285095331746491,0.07939451910903172,0.2725878247770604
Nevada,32,2013,10.844080576933248,0.15763671451777803,0.10960415804344623,0.08078351736259451,0.2749163481636737
Nevada,32,2014,10.848365741262196,0.15236178076870344,0.08916986623187644,0.0815843336213355,0.2782706767182124
Nevada,32,2015,10.867253298434472,0.14672762966975295,0.07949743367150165,0.08183351234673598,0.281368942298878
Nevada,32,2016,10.918355847771277,0.1378789929054903,0.066769909192272,0.08487723711573036,0.28456105287718814
Nevada,32,2017,10.96825001232884,0.13002157209931764,0.05943145631888298,0.08854854790081117,0.28840952369198664
Nevada,32,2018,10.979274650562294,0.12945516310614583,0.0556862304635208,0.08780671712817592,0.29038601472716774
Nevada,32,2019,11.05526138931847,0.12497172559321928,0.050677799531454876,0.092647580187497,0.29238746349210887
New Hampshire,33,2010,11.019317430821303,0.08286451503743497,0.07765198212363364,0.010820507017609145,0.02805448833081832
New Hampshire,33,2011,11.04527107410187,0.0881193134644341,0.06875487852307559,0.010699487328875719,0.029204350801171907
New Hampshire,33,2012,11.055324602441535,0.10036194549021231,0.06475385912569724,0.011062164671034998,0.030391044871047414
New Hampshire,33,2013,11.070225670251839,0.08702517442890582,0.06039894365434985,0.010063779837531801,0.03158768046460072
New Hampshire,33,2014,11.105438313910426,0.0916369968559321,0.05097952094357151,0.01162032630069196,0.03199546582675931
New Hampshire,33,2015,11.160569751141438,0.08233001568249926,0.04249561392322654,0.013899660906893692,0.03333438548392915
New Hampshire,33,2016,11.169533341059843,0.07296470123930648,0.03607345370314582,0.011864743275184579,0.03541442693447308
New Hampshire,33,2017,11.203420325507887,0.07696216331074496,0.0381645403225913,0.01342200410338138,0.03752843881605159
New Hampshire,33,2018,11.225123385317872,0.07638684579186375,0.0355943257570045,0.013970207702708083,0.03881284934734433
New Hampshire,33,2019,11.263604762182883,0.07270137752137304,0.02982316363761077,0.014318483854289625,0.03984817361924703
New Jersey,34,2010,11.122560769584661,0.1025661088985552,0.10826930463814866,0.12867773038248395,0.17769868378835543
New Jersey,34,2011,11.119260460977815,0.10378361174315101,0.10932232564274982,0.12744748278428392,0.18146036431737114
New Jersey,34,2012,11.151482026956387,0.10756766850294529,0.1008083903448096,0.1271515095452807,0.18516355522364825
New Jersey,34,2013,11.158604890185236,0.11449923804696933,0.0907425906001926,0.12753846100255312,0.18922911016200192
New Jersey,34,2014,11.183295764710682,0.11103462057696054,0.07530232338662289,0.1281165338561843,0.19345917930673767
New Jersey,34,2015,11.18749998760779,0.10773853209703271,0.06607549557689138,0.12661580196411862,0.19671538766465285
New Jersey,34,2016,11.240145141214915,0.10444316754218348,0.0602971284514757,0.12638995115305335,0.19975126527913506
New Jersey,34,2017,11.29088130909932,0.09994938400217411,0.05326432280610973,0.1275112584952281,0.20436439637187523
New Jersey,34,2018,11.311298757118267,0.09521730792291926,0.04882851660143707,0.12770303035745556,0.2064718943213912
New Jersey,34,2019,11.359203026767767,0.09161762677129531,0.04673899102746877,0.12661775980923623,0.20905260977304022
New Mexico,35,2010,10.647565461764616,0.20439953060083488,0.09480847940718377,0.017623522942671877,0.46439621439621437
New Mexico,35,2011,10.644543556617958,0.21537700792644415,0.11193190926272133,0.017299771782478733,0.467313314993968
New Mexico,35,2012,10.658623130430142,0.20845539222350787,0.1025171086905654,0.01812290162058903,0.4697703901822935
New Mexico,35,2013,10.689031582362041,0.21925323237192493,0.09174217377182975,0.017559693222084057,0.4731017840709696
New Mexico,35,2014,10.710030380446783,0.21322301120739173,0.0869671862507489,0.018305769352484593,0.4766816969157622
New Mexico,35,2015,10.722870829641215,0.2043766700857109,0.07419142344829908,0.019949556593923865,0.48019743811954196
New Mexico,35,2016,10.752526753053047,0.19831974224410612,0.07493474367525722,0.018155563511075123,0.4852805001405564
New Mexico,35,2017,10.752441184234273,0.19653534632594769,0.06557970353012435,0.01820915965460928,0.4876962937066286
New Mexico,35,2018,10.761492176138386,0.1946895322501327,0.060950433175886366,0.019060545148771518,0.49117841319291333
New Mexico,35,2019,10.857940745504632,0.1817703653378334,0.054661009888947204,0.01895338151084328,0.49262481585289025
New York,36,2010,10.899476317305677,0.14944377088540617,0.09857993807315651,0.14399784697861515,0.17712654049035897
New York,36,2011,10.919551218569078,0.15972011038910747,0.09572947630318598,0.14427873501614188,0.1796232013475127
New York,36,2012,10.941075139366463,0.15867634519061624,0.09248431029577096,0.14414243121233794,0.18158602994615147
New York,36,2013,10.957259366731083,0.15969736133734483,0.08651873446453603,0.14407672394565463,0.18353695439452403
New York,36,2014,10.983222785434549,0.15929137358644896,0.07250318951884496,0.14437978455327188,0.18587292650894777
New York,36,2015,11.016167098415673,0.1540171385521176,0.06465942393442797,0.14376591468358096,0.18818106333816112
New York,36,2016,11.049444516713686,0.14731122373258976,0.05938229114796921,0.14329590212632493,0.1897978803956731
New York,36,2017,11.080510448495465,0.14077471010619938,0.054932012927049044,0.14340388845022461,0.19202868560403263
New York,36,2018,11.12496623099173,0.13611988382547263,0.04995753418181008,0.1427466567367077,0.1920214342196422
New York,36,2019,11.185920274121928,0.1303053548292806,0.044267741851440015,0.14206699739960205,0.1927285703630302
North Carolina,37,2010,10.676508195679236,0.17492532956714846,0.1266195372152443,0.2116611121325625,0.08417310233332266
North Carolina,37,2011,10.690033997354623,0.17871005075328317,0.11698709618357239,0.21376142105117632,0.08575700201348307
North Carolina,37,2012,10.717745558845131,0.18034880118345176,0.10795356228406822,0.21284377178062552,0.0866375795177087
North Carolina,37,2013,10.734351106459908,0.17890565739809144,0.09653462317208482,0.21225144850864028,0.08805846024496196
North Carolina,37,2014,10.748411168061867,0.17217514115549712,0.08339327206934637,0.213694558829859,0.08956196945202134
North Carolina,37,2015,10.775408336674342,0.16423115537545022,0.06871364026750654,0.21326896617099492,0.09077884837319306
North Carolina,37,2016,10.83139059973845,0.1539424357575986,0.06237003845570168,0.21136245282743663,0.09176401438563613
North Carolina,37,2017,10.873356965311512,0.1470009817123357,0.052828812958195304,0.2117714657603277,0.09368507212642646
North Carolina,37,2018,10.89405052878487,0.14037747498101813,0.04971236796298457,0.210374416629268,0.09587494534661323
North Carolina,37,2019,10.956771179117867,0.13590445326362094,0.04577494116094258,0.21112245096435153,0.09753878782816766
North Dakota,38,2010,10.7928181028275,0.13032398701288733,0.03895605195905775,0.011641232974400258,0.020636057281033775
North Dakota,38,2011,10.853290426942731,0.12246072133153059,0.0313733377564054,0.009310867162232502,0.021819420644157605
North Dakota,38,2012,10.889024457147098,0.11217718847984447,0.033321091370946763,0.014387646006163275,0.023829806697273408
North Dakota,38,2013,10.92879411127072,0.11801506447302273,0.02592969385058073,0.014335223039205522,0.02437264391554798
North Dakota,38,2014,10.985784127552533,0.11545046789830299,0.030041557901202158,0.0200599879375022,0.027881679337698553
North Dakota,38,2015,11.011340349235688,0.10961859783360725,0.026201335820446477,0.02032822144246216,0.034427316732899296
North Dakota,38,2016,11.012973837756116,0.10722655956400946,0.028109201695808907,0.02482343892035522,0.03487551338935264
North Dakota,38,2017,11.0323541943744,0.10321311295596794,0.029359562194941576,0.030222678791039896,0.03505327690354557
North Dakota,38,2018,11.064088238538305,0.10679937176840136,0.028341199828367383,0.03360317441522372,0.03610686811994048
North Dakota,38,2019,11.075613589222716,0.10572620443034376,0.026210998538232774,0.028551482687760314,0.040004619046744225
Ohio,39,2010,10.71641577141513,0.15848881186219757,0.11429104737437405,0.12091496129308639,0.030774133071062852
Ohio,39,2011,10.730925212541282,0.16430375061720726,0.1042772585396813,0.11955477333771274,0.0315304932866324
Ohio,39,2012,10.754257948116578,0.1625144444676019,0.09072098507834506,0.12057864430050523,0.032421059014355665
Ohio,39,2013,10.780642367661684,0.15974588472162204,0.08126471332519818,0.11994884021928287,0.03311030655767514
Ohio,39,2014,10.80584161867141,0.158364329476341,0.0717787632463835,0.12093930368237879,0.03438851083946293
Ohio,39,2015,10.841050419685823,0.1482394509594222,0.06376535117526846,0.12136869551724759,0.03540747633148297
Ohio,39,2016,10.8654015344347,0.14577155538285563,0.056518179266927246,0.12238224138315516,0.036169063969273246
Ohio,39,2017,10.897128138837616,0.1397020782891742,0.051542846346083394,0.12188675338541673,0.03746261668094367
Ohio,39,2018,10.935087150721298,0.13893951438018204,0.04933717660894727,0.12198443689613242,0.039002546058229295
Ohio,39,2019,10.979206442390929,0.13068223522770658,0.04570439471523135,0.12363406934665629,0.040002138744642445
Oklahoma,40,2010,10.64713771526918,0.16908021143732577,0.08177201157892301,0.07055290397803973,0.08842034802331498
Oklahoma,40,2011,10.674174310551491,0.17214218070283593,0.07529049771566222,0.07174480444192653,0.09168462785783388
Oklahoma,40,2012,10.69901079971294,0.17229426651634627,0.06798981981199208,0.07062718555528177,0.09339864004068343
Oklahoma,40,2013,10.729634734557317,0.1678370167971949,0.06220591239671769,0.07112898668456186,0.09600038228126344
Oklahoma,40,2014,10.769095330043152,0.1659362093588086,0.05670033340669911,0.07252405912145043,0.09769830257518532
Oklahoma,40,2015,10.79072015681027,0.1609235979897591,0.05450860135678362,0.07179793717648539,0.10136275617192889
Oklahoma,40,2016,10.803160978586845,0.16285293000450723,0.05982394630238142,0.07186736742464307,0.10295137503915448
Oklahoma,40,2017,10.820797764563748,0.1582871776859179,0.05361564804703499,0.07201164934731906,0.10626366111877694
Oklahoma,40,2018,10.857536390012886,0.15606399641100574,0.043600819387253374,0.0716625256557122,0.10881826105944112
Oklahoma,40,2019,10.905019762719549,0.15176079315668353,0.04362409119813682,0.0710856865011141,0.11071751599898003
Oregon,41,2010,10.74849708240532,0.15836984279268884,0.12695053838476872,0.017394568368439656,0.11772468407434623
Oregon,41,2011,10.753980303819851,0.17455082252894077,0.1197315863180665,0.017225833895294224,0.12037395989884962
Oregon,41,2012,10.802855905214333,0.1720571148113709,0.11021347807857955,0.017151306896297923,0.12159837798732251
Oregon,41,2013,10.824785726220822,0.16666480658189697,0.09205551948200529,0.017278594628842018,0.12309236615679385
Oregon,41,2014,10.841050419685823,0.16552051830305833,0.07806843576622978,0.017322634733072745,0.12512873910109693
Oregon,41,2015,10.899476317305677,0.1535974628024707,0.06822159946983497,0.01822497373402727,0.12705408841996368
Oregon,41,2016,10.96009659372378,0.1334852060988119,0.05715380919321214,0.018447940803207063,0.1276590858844524
Oregon,41,2017,11.005626946980394,0.1323602824183343,0.05100002428572585,0.01794569631570715,0.1305704194482154
Oregon,41,2018,11.057629150996718,0.12559012064256472,0.05007312816248872,0.018592301596410923,0.1327690538578996
Oregon,41,2019,11.1133131955373,0.11377691801509571,0.050150720117548224,0.017868112686969338,0.1343941075510398
Pennsylvania,42,2010,10.805435922694407,0.13401008459661817,0.09603171042269734,0.1041148326111775,0.05681605208019431
Pennsylvania,42,2011,10.824327919108855,0.13756636416595408,0.09376096353040154,0.10409682704530199,0.058968588434362514
Pennsylvania,42,2012,10.844080576933248,0.13706517967208162,0.08853267529213692,0.10501133855069629,0.061179127790292595
Pennsylvania,42,2013,10.859133603888342,0.13683882208868658,0.08260458158327197,0.10601676039888205,0.06326597697897439
Pennsylvania,42,2014,10.882452568938104,0.13597657229772336,0.07038915450630909,0.10632304516177064,0.0654941199443913
Pennsylvania,42,2015,10.927771331913476,0.13160280762129536,0.06267700406185009,0.10537790930414154,0.06797178645457064
Pennsylvania,42,2016,10.949173635394832,0.1287202496455442,0.057774568354256484,0.10573224333391452,0.07039940701929026
Pennsylvania,42,2017,10.988592357845736,0.12491579363051407,0.05296202163455306,0.10681434132750543,0.07328298688293979
Pennsylvania,42,2018,11.01707055213406,0.12246812974019687,0.048892731841856975,0.10562955120066589,0.07611137919241419
Pennsylvania,42,2019,11.058212337893119,0.12023182358403181,0.044923961462096526,0.10736519145579644,0.07794335708302827
Rhode Island,44,2010,10.863871721920795,0.1404742145820984,0.10898089703709887,0.052150945116565324,0.12478368978217964
Rhode Island,44,2011,10.889975763399534,0.14735415237127714,0.10280687098993359,0.05150946160094816,0.12814015382830052
Rhode Island,44,2012,10.906946315795638,0.13747057001392451,0.09366770472854269,0.04998609910386826,0.13191569582554186
Rhode Island,44,2013,10.93135543667848,0.1428988343208086,0.09210707125516629,0.053014186251974536,0.13585497441301136
Rhode Island,44,2014,10.913104679632676,0.14335182714602893,0.07775597211883332,0.05505732235377516,0.1403523403271312
Rhode Island,44,2015,10.969456118819169,0.13876712881379613,0.0620974643267415,0.05430664452644992,0.14397925585393515
Rhode Island,44,2016,11.011984163278214,0.12789942237954427,0.05949615511458966,0.05539715985786037,0.14894748898645055
Rhode Island,44,2017,11.064605046555634,0.1162105961773334,0.05739093864176005,0.053976873255891865,0.15415249910582754
Rhode Island,44,2018,11.071936800793017,0.12907919474179733,0.055272682987110446,0.058346850276407694,0.15921556016891844
Rhode Island,44,2019,11.172812609330474,0.10823239274837863,0.04229758806389647,0.05777161892876932,0.16296899734840153
South Carolina,45,2010,10.645853376883572,0.18152636983977044,0.1276402354570637,0.27924975713455,0.049824300003968675
South Carolina,45,2011,10.654125036299098,0.18882365150988323,0.1191355298966231,0.27705177988686175,0.05150591016043238
South Carolina,45,2012,10.671440675897315,0.18270164742684147,0.11219481778397292,0.27419156457734717,0.052873972500080975
South Carolina,45,2013,10.695642613426124,0.18575495795264088,0.09450182364458232,0.2746507264433419,0.053061474952349176
South Carolina,45,2014,10.719692720587927,0.17986656546428087,0.08115810550735156,0.2713655218995125,0.053265382054190784
South Carolina,45,2015,10.762953932412522,0.1664612693846755,0.07301701714384039,0.27204805575650726,0.05362483063209308
South Carolina,45,2016,10.809748150372926,0.15267552467949363,0.06273441898147857,0.26770109727261127,0.05498578042574669
South Carolina,45,2017,10.831113794074028,0.15399347085231183,0.057932893406991565,0.26764375785297617,0.05692058047488152
South Carolina,45,2018,10.864866366226208,0.1527305503974515,0.052706890098359854,0.26456400479374337,0.05792577565430604
South Carolina,45,2019,10.937152347559921,0.1384592168866743,0.04686941457359807,0.26308452945725863,0.057971369161309017
South Dakota,46,2010,10.734307538221145,0.1443240897915065,0.06030056125589043,0.012681529965228063,0.025067884276446087
South Dakota,46,2011,10.785621527758789,0.13924380277579282,0.054822277306529006,0.011548608026871113,0.027787283304331365
South Dakota,46,2012,10.786469660366542,0.13408511643520532,0.04675853681438325,0.015154424170280578,0.029722062892840257
South Dakota,46,2013,10.798493359052951,0.14165283314254726,0.040303360059817474,0.0150270394388769,0.03217746488542119
South Dakota,46,2014,10.839169062202215,0.14173559784223888,0.03900540559323617,0.016714038737656402,0.03366132387845401
South Dakota,46,2015,10.878367895820443,0.1374939130518632,0.039877273646361726,0.014918418719837291,0.03503795710736206
South Dakota,46,2016,10.905350292672244,0.13252485393387253,0.03916437047852195,0.016560094470647775,0.03723710330069536
South Dakota,46,2017,10.942367529494035,0.13003595986130959,0.035336336166112176,0.01879457170913891,0.035965531594888155
South Dakota,46,2018,10.937987895736994,0.13095203180595458,0.029610666256031207,0.02141719609854517,0.03851921540179204
South Dakota,46,2019,10.994286059636607,0.11928419653471371,0.030048735781828147,0.022961389642788918,0.037322855473125804
Tennessee,47,2010,10.632508505332279,0.17682724466999833,0.11250706631333478,0.16621977672439872,0.045227254743941896
Tennessee,47,2011,10.638088527988433,0.1828737604820712,0.10553943502215062,0.16648137311811484,0.04627372565591808
Tennessee,47,2012,10.66345190613339,0.17937278847470312,0.09502716673632497,0.16799909792738593,0.04766828014373065
Tennessee,47,2013,10.698672233649825,0.1778562797786054,0.08739578358204228,0.16869623019043475,0.047602377963718474
Tennessee,47,2014,10.700115984041597,0.1833989048741103,0.07792472746303343,0.1676939947646729,0.04921693016347266
Tennessee,47,2015,10.763736893526659,0.16736587478287387,0.06236811291051298,0.1667906256974116,0.050521953626646306
Tennessee,47,2016,10.790287679843225,0.15767790943240842,0.05520906870248084,0.16625571288403254,0.052237538102181354
Tennessee,47,2017,10.84622545442513,0.149538646753076,0.04929235017739463,0.1660496808807168,0.05378258792754718
Tennessee,47,2018,10.866184657224439,0.15311434340656305,0.05488545759047077,0.1659600207385218,0.055081307117714744
Tennessee,47,2019,10.934374023807974,0.1385400634127984,0.0452444255463698,0.16582810746951243,0.05698009744663118
Texas,48,2010,10.791687404243758,0.1790651876752809,0.08830437254096941,0.11500470718863604,0.3774730557101655
Texas,48,2011,10.80754374674194,0.18462506169946502,0.0850834517872234,0.11461490018123302,0.3813729175447204
Texas,48,2012,10.834469833153273,0.17926362048898178,0.07965845253180247,0.11571328562888128,0.3822415443787747
Texas,48,2013,10.853290426942731,0.17535026882358284,0.07059194885761129,0.11602679245421417,0.38393568135259754
Texas,48,2014,10.878707351939571,0.17174129004940614,0.0605199123568354,0.1168737214339986,0.386105806152163
Texas,48,2015,10.926891263606484,0.15851466965365643,0.05531179902736692,0.11683864284810934,0.388516935784678
Texas,48,2016,10.943145698360567,0.15645717761309727,0.055542336066175604,0.11738949235024619,0.3906053477572585
Texas,48,2017,10.988778167087748,0.14730649204629384,0.05147299513705258,0.11765594534541317,0.39423813009025105
Texas,48,2018,11.012528605444684,0.1489132176649668,0.048956858031138924,0.11877567452545298,0.39610150497293817
Texas,48,2019,11.067169471278484,0.13627701261675057,0.043902408000523724,0.11873689921682325,0.3974647985346608
Utah,49,2010,10.910423052632334,0.1315819932487869,0.09321339878973532,0.009619772451988478,0.13036558304810894
Utah,49,2011,10.930764943599616,0.13526252966069893,0.07976074477130982,0.01010144035507319,0.13236905007841057
Utah,49,2012,10.95166582665281,0.12830165144938382,0.0680067463010338,0.009755936968858122,0.13288786731421395
Utah,49,2013,10.9982591418183,0.1266596460146578,0.05541885416562895,0.01046685272566318,0.13360430932492023
Utah,49,2014,11.017349636411113,0.11729741780035766,0.049701515095584126,0.010811097345409396,0.13493483643016316
Utah,49,2015,11.049492203506839,0.11257450741401986,0.039522320352317605,0.010847422777451593,0.13662251883311932
Utah,49,2016,11.097061475425122,0.10215941424989715,0.040860730222963104,0.010132022730602248,0.1377941981838722
Utah,49,2017,11.13251387992617,0.0971479375345808,0.035685955899219454,0.011505777390336617,0.1400107613788363
Utah,49,2018,11.176249207538184,0.09025331217791127,0.03168139659552059,0.011877492206048201,0.1424248799075007
Utah,49,2019,11.235589684572592,0.08906882719294135,0.031752588809365746,0.010720040624362515,0.14412353499328437
Vermont,50,2010,10.807827153290528,0.12707331280685696,0.08094256746164086,0.01028659978273372,0.015483417470764906
Vermont,50,2011,10.873811820902707,0.11488833004011736,0.06409735844308843,0.008232351208672623,0.014581015307352287
Vermont,50,2012,10.877613136081234,0.11815608424712978,0.06430129750832472,0.009884810330808883,0.015697807227029556
Vermont,50,2013,10.870053060283906,0.12291009031795505,0.05776565167277025,0.01094904489092447,0.015233870066865614
Vermont,50,2014,10.899808684315772,0.12154651149265809,0.054500998671345544,0.009414870356006268,0.01719702120460545
Vermont,50,2015,10.950631092829045,0.10207788445690483,0.03771181341340636,0.012289910261611841,0.016647445379064024
Vermont,50,2016,10.962613759510507,0.11886641214377489,0.039240914428363964,0.011698799540181302,0.020086648286727057
Vermont,50,2017,10.95976628818816,0.11309434503269085,0.03764671863658627,0.012396237034138958,0.019132311510974782
Vermont,50,2018,11.015048971490447,0.10979092274403296,0.03815447213543559,0.01150568658101003,0.019878684142877443
Vermont,50,2019,11.050905878263567,0.10165934928133816,0.03369904813024542,0.013024268056007397,0.019884965920873604
Virginia,51,2010,11.01327054920641,0.11078388846154588,0.07911963214994067,0.19245429408032808,0.07852237683119331
Virginia,51,2011,11.032984624785259,0.11534014184873932,0.07557227558123217,0.19179720287666285,0.08013149710668818
Virginia,51,2012,11.030703494879953,0.11740158598385289,0.06948167569075692,0.1892946709249002,0.08404387708717964
Virginia,51,2013,11.045574314789517,0.11718717230689951,0.06616278475995767,0.1893088777124124,0.08570548296360772
Virginia,51,2014,11.080633718858344,0.11799004987438586,0.06058688611585312,0.18885820561837333,0.08791083278516997
Virginia,51,2015,11.101371859521507,0.11183240917104807,0.054725238993602904,0.18884054895429353,0.08986682918618684
Virginia,51,2016,11.128938051038293,0.10988152960914001,0.05033966826963015,0.18729362343981223,0.09042182132545108
Virginia,51,2017,11.177942119400434,0.10637154203661248,0.045984546751436886,0.18831584813259,0.09334830378204538
Virginia,51,2018,11.192403346212057,0.1070470511290105,0.04198333874104748,0.18758160227808376,0.09542616332959014
Virginia,51,2019,11.244470690946015,0.09937667864787084,0.03984810644989122,0.19049128705588964,0.09702444573083371
Washington,53,2010,10.926495878820052,0.13433018103901467,0.1076083528678286,0.034006840540790596,0.11274882511606502
Washington,53,2011,10.947907612120812,0.13896334016392523,0.10344208873398639,0.0338941013212518,0.11552790775102569
Washington,53,2012,10.960808986786358,0.13535742880661064,0.08743307603314542,0.03471053841866594,0.11709360517279077
Washington,53,2013,10.975156781589796,0.14149282166189653,0.07917680439723498,0.035717759086187205,0.11934120606374095
Washington,53,2014,11.024611214832996,0.13187552514192996,0.06513023381227846,0.0343630912847499,0.12161358799013812
Washington,53,2015,11.068651958695275,0.12190344229737556,0.05962566837520171,0.0353148681284919,0.12362281846453542
Washington,53,2016,11.114028737740096,0.11258476090877054,0.054144780894278696,0.034967206366630074,0.12437582327113063
Washington,53,2017,11.170139337625617,0.11028191516492333,0.049235546134124564,0.03540644065018189,0.127035464233636
Washington,53,2018,11.212806372414764,0.10256160448463542,0.04307757612477775,0.03740940823354134,0.12876932943945604
Washington,53,2019,11.273233236517111,0.09775436965673523,0.045651276407173556,0.03877126047601719,0.13023465989607472
West Virginia,54,2010,10.551061887801316,0.18139680881797374,0.08928904589503053,0.03054089784479062,0.011876116858228248
West Virginia,54,2011,10.557945878480961,0.18577320674227737,0.08864368790078005,0.029839966712731304,0.011481305016158554
West Virginia,54,2012,10.601522767168849,0.17769668058569865,0.08041427647686533,0.03258142526758193,0.012784754661091628
West Virginia,54,2013,10.627479116391054,0.1848152609235786,0.0850448228430489,0.03346754361744353,0.014337454915698829
West Virginia,54,2014,10.622765335673327,0.18280720756697486,0.06877893950709485,0.03637575216475367,0.013242531316103217
West Virginia,54,2015,10.645877175924472,0.17934511035661224,0.07313846478258032,0.03774683752971594,0.014458323934130386
West Virginia,54,2016,10.67786903822759,0.17925703360658546,0.07586508990345736,0.03753914309525084,0.014626711128052944
West Virginia,54,2017,10.679803319347403,0.19081265067658004,0.06689003661929062,0.03929714729739181,0.012559909728574441
West Virginia,54,2018,10.694147031910097,0.17803950553072867,0.05795752397594278,0.03767903105050747,0.014159124436824688
West Virginia,54,2019,10.79650965747093,0.1602794629251603,0.05984818369394439,0.03626711424899855,0.014966964205503232
Wisconsin,55,2010,10.799595985047786,0.13213602434913235,0.08938889341562838,0.06051329395100761,0.05913973298762073
Wisconsin,55,2011,10.827647242788979,0.13067183931006135,0.08164277029221229,0.06126510412627126,0.06045362144499242
Wisconsin,55,2012,10.840737105801496,0.13230544968055677,0.07295581539111276,0.06158845403340809,0.06188864273841951
Wisconsin,55,2013,10.848696104567667,0.13508392427443552,0.0648705683782423,0.06114444514291416,0.0631072804787563
Wisconsin,55,2014,10.870889562233824,0.1317519130055826,0.05307324142377466,0.06216761116333227,0.06443384737017252
Wisconsin,55,2015,10.926621700028281,0.12062937716172473,0.0426231173301857,0.061861055765761036,0.06604171615693209
Wisconsin,55,2016,10.947485247931015,0.11753706317684881,0.04078461082700779,0.0615142586345843,0.06697257120924414
Wisconsin,55,2017,10.990448898463375,0.11329353783058652,0.03481398352006148,0.06251661854585717,0.06864777275681767
Wisconsin,55,2018,11.014900890374633,0.11046939067665075,0.03176901004675376,0.06255057135308299,0.06946388173321444
Wisconsin,55,2019,11.06925992304676,0.10421637911486044,0.031884775844282405,0.06298654480239707,0.0708928602711512
Wyoming,56,2010,10.887661206798244,0.1117306575700392,0.06272357737154843,0.007993480494632037,0.08980795804840024
Wyoming,56,2011,10.938840501565046,0.11298469820354529,0.05090515139315744,0.008832050239546042,0.0910978988239187
Wyoming,56,2012,10.91328684226798,0.12649324510860369,0.05593123396466916,0.009213895616329987,0.09423120962089616
Wyoming,56,2013,10.981080473980162,0.1089728389076544,0.05072885547341036,0.01263005056139279,0.08879308273464022
Wyoming,56,2014,10.95177099386878,0.11185497124435893,0.043098541103031,0.010120636203186494,0.09768844806069643
Wyoming,56,2015,11.005660162398994,0.11082106307845799,0.04846166981882855,0.008025838285500771,0.09869358325356974
Wyoming,56,2016,11.000131238109393,0.11321167640400652,0.05581401457074098,0.009222870669734125,0.09609548062257793
Wyoming,56,2017,11.00930713945359,0.11332137385403067,0.051670486393483386,0.008896714222832138,0.10032883664327698
Wyoming,56,2018,11.028157375523527,0.11058550802841452,0.039061246322546136,0.005369225097232824,0.10020995712582023
Wyoming,56,2019,11.082188701658872,0.10105087945940575,0.035811736082558304,0.011101339244832477,0.10126322009679331
Puerto Rico,72,2010,9.84490459510383,0.4503291206004996,0.18960822707274877,0.001189103129845172,0.9887537602767016
Puerto Rico,72,2011,9.834137474401334,0.45576497308072517,0.18485614251894533,7.974769942994963e-4,0.9894838791482428
Puerto Rico,72,2012,9.874522074243114,0.4492519315378663,0.17344727718586167,7.0110202002463e-4,0.9902712891223654
Puerto Rico,72,2013,9.861779749136337,0.45420190343457456,0.18090093026330556,6.743961277822989e-4,0.990899801553822
Puerto Rico,72,2014,9.848397586218168,0.4621144774171818,0.18526337485829567,9.547973352474371e-4,0.9903849541074463
Puerto Rico,72,2015,9.832313733081604,0.46064581626670376,0.18860117796205608,9.472733437684036e-4,0.9894093055573945
Puerto Rico,72,2016,9.907379967251472,0.4347949079785281,0.161572824910711,7.378403644116463e-4,0.9866719705966072
Puerto Rico,72,2017,9.870085875902097,0.4441864509036914,0.16410085843707434,7.353520655332337e-4,0.9907955136931604
Puerto Rico,72,2018,9.918179101279117,0.4307613676674845,0.15069488131717976,0.0013683225811095745,0.9871254991545005
Puerto Rico,72,2019,9.926911067479717,0.43470994793492024,0.1410533940227009,0.0010608405188474537,0.9815464474680418
