state,state_fips,state_id,year,first_treat_year,gname,treated_post,event_time,population,deaths_allcause,deaths_amenable,deaths_nonamenable,deaths_external,crude_allcause,crude_amenable,crude_nonamenable,crude_external,aa_allcause,aa_amenable,aa_nonamenable,aa_external
Alabama,1,1,2010,0,0,0,NA,2510310,13423,8392,5031,2124,534.7148360162689,334.30134126860827,200.41349474766065,84.61106397217873,468.47,280.8,187.67000000000002,85.65
Alabama,1,1,2011,0,0,0,NA,2518131,13770,8512,5258,2196,546.8341400824659,338.0284822354357,208.8056578470302,87.207536065439,473.48,279.36,194.12,88.01
Alabama,1,1,2012,0,0,0,NA,2513296,13879,8564,5315,2062,552.2230568942139,340.7477670755852,211.4752898186286,82.04365900395338,479.08,282.54,196.53999999999996,83.63
Alabama,1,1,2013,0,0,0,NA,2515357,14086,8549,5537,2168,560.0000318046306,339.87223284806095,220.1277989565696,86.19054869746124,483.25,279.61,203.64,87.31
Alabama,1,1,2014,0,0,0,NA,2518038,14091,8546,5545,2230,559.6023570732451,339.391224437439,220.21113263580614,88.56101456769119,482.23,278.84,203.39000000000004,89.72
Alabama,1,1,2015,0,0,0,NA,2522661,14487,8676,5811,2387,574.2745458069871,343.9225484518134,230.35199735517375,94.62230557336083,493.87,280.34,213.53000000000003,96.06
Alabama,1,1,2016,0,0,0,NA,2522310,14652,8624,6028,2601,580.8960833521653,341.9088058168901,238.98727753527518,103.11975926828977,501.92,278.69,223.23000000000002,105.94
Alabama,1,1,2017,0,0,0,NA,2519274,14663,8581,6082,2664,582.0327602317176,340.6140022879607,241.41875794375682,105.74475027329301,497.4,273.6,223.79999999999995,107.67
Alabama,1,1,2018,0,0,0,NA,2518479,14660,8685,5975,2571,582.0973690866591,344.85099935318107,237.24636973347802,102.08542536983632,498.29,278.57,219.72000000000003,104.18
Alabama,1,1,2019,0,0,0,NA,2514818,14342,8256,6086,2562,570.2997195025644,328.2941350030101,242.00558449955423,101.87615962666085,488.55,264.16,224.39,104.76
Alaska,2,2,2010,2015,2015,0,-5,393034,1425,776,649,369,362.5640529826936,197.43838955408438,165.12566342860922,93.88500740393961,331.08,171.42,159.66,94.21
Alaska,2,2,2011,2015,2015,0,-4,399328,1530,847,683,382,383.14368138472634,212.10633864893023,171.03734273579613,95.66070999278789,346.19,180.3,165.89,96.45
Alaska,2,2,2012,2015,2015,0,-3,402185,1538,801,737,413,382.4110794783495,199.16207715354872,183.24900232480076,102.6890610042642,345.5,171.52,173.98,102.61
Alaska,2,2,2013,2015,2015,0,-2,398584,1576,883,693,383,395.3997149910684,221.5342311783714,173.86548381269694,96.09015916343857,356.7,187.01,169.69,97.87
Alaska,2,2,2014,2015,2015,0,-1,399009,1585,860,725,427,397.23414760068067,215.53398544894978,181.70016215173092,107.0151299845367,361.57,186.2,175.37,106.47
Alaska,2,2,2015,2015,2015,1,0,398706,1615,873,742,418,405.0603702979137,218.95833019819113,186.1020400997226,104.83915466534238,369.83,190.13,179.7,105.42
Alaska,2,2,2016,2015,2015,1,1,402087,1671,857,814,469,415.5817024673765,213.13795273162276,202.4437497357537,116.6414233735485,379.32,183.42,195.9,117.52
Alaska,2,2,2017,2015,2015,1,2,400078,1617,791,826,482,404.1711866186094,197.71144626797775,206.45974035063162,120.47650708111918,370.81,169.76,201.05,122.57
Alaska,2,2,2018,2015,2015,1,3,396234,1566,765,801,474,395.22100576931814,193.06773270340253,202.15327306591558,119.62628143975529,364.06,169.52,194.54,119.28
Alaska,2,2,2019,2015,2015,1,4,391822,1573,746,827,494,401.45780481953545,190.39257622083497,211.06522859870043,126.07765771192021,369.42,164.53,204.89000000000001,126.23
Arizona,4,3,2010,2014,2014,0,-4,3247961,11884,7006,4878,2745,365.8910929041328,215.7045604919517,150.18653241218107,84.51456159726055,329.82,185.77,144.04999999999998,84.01
Arizona,4,3,2011,2014,2014,0,-3,3291051,12107,7100,5007,2783,367.87640179383425,215.73655345966986,152.13984833416438,84.56265187017765,329.63,184.12,145.51,84.31
Arizona,4,3,2012,2014,2014,0,-2,3307877,12470,7340,5130,2852,376.9789505474357,221.89458676970153,155.08436377773418,86.21844161678321,336.33,188.7,147.63,85.61
Arizona,4,3,2013,2014,2014,0,-1,3324670,12772,7374,5398,2977,384.1584277537319,221.7964489708753,162.36197878285665,89.54272153326495,342.96,188.25,154.70999999999998,88.97
Arizona,4,3,2014,2014,2014,1,0,3367755,12797,7336,5461,2904,379.98607380881333,217.83057259212737,162.15550121668588,86.2295505462838,338.09,184.39,153.7,85.5
Arizona,4,3,2015,2014,2014,1,1,3412727,13348,7663,5685,3059,391.1241655133856,224.5418400006798,166.58232551270584,89.63506310349464,346.78,187.88,158.89999999999998,89.29
Arizona,4,3,2016,2014,2014,1,2,3456387,13885,7752,6133,3326,401.7200620185182,224.28044081869305,177.43962119982513,96.22765043382005,355.35,187.15,168.20000000000002,94.97
Arizona,4,3,2017,2014,2014,1,3,3508591,13808,7569,6239,3503,393.54829331774494,215.72762399493132,177.82066932281364,99.84064828302871,350.39,180.92,169.47,99.11
Arizona,4,3,2018,2014,2014,1,4,3583343,14108,7662,6446,3530,393.7105658040551,213.82267898998228,179.88788681407277,98.51136215539512,349.77,179.14,170.63,97.95
Arizona,4,3,2019,2014,2014,1,5,3636004,14290,7662,6628,3732,393.01386907165113,210.7258407856537,182.28802828599748,102.64015111094487,351.5,177.13,174.37,102.13
Arkansas,5,4,2010,2014,2014,0,-4,1500357,7652,5152,2500,1281,510.0119504891169,343.3849410506966,166.62700943842032,85.37967963624658,449.55,290.28,159.27000000000004,87.01
Arkansas,5,4,2011,2014,2014,0,-3,1512776,7948,5332,2616,1384,525.3917301702301,352.464608111181,172.92712205904905,91.48743766426755,457.53,293.59,163.94,92.73
Arkansas,5,4,2012,2014,2014,0,-2,1508968,8007,5348,2659,1352,530.6275547261439,354.41440772766555,176.21314699847844,89.59765879727071,461.41,295.51,165.90000000000003,89.96
Arkansas,5,4,2013,2014,2014,0,-1,1506764,8032,5415,2617,1265,533.0629083253914,359.3794383194714,173.68347000591996,83.95475336549055,462.07,298.59,163.48000000000002,84.51
Arkansas,5,4,2014,2014,2014,1,0,1506595,8219,5616,2603,1331,545.5347986685208,372.76109372459086,172.77370494392986,88.34491021143705,475.16,311.52,163.64000000000004,89.74
Arkansas,5,4,2015,2014,2014,1,1,1511614,8358,5543,2815,1412,552.9189330080299,366.69414281688313,186.22479019114667,93.41009014206008,479.48,303.3,176.18,94.06
Arkansas,5,4,2016,2014,2014,1,2,1514723,8504,5565,2939,1508,561.4227815910896,367.3939063445924,194.02887524649722,99.55615647217346,485.1,301.71,183.39000000000004,100.85
Arkansas,5,4,2017,2014,2014,1,3,1518247,8560,5728,2832,1514,563.8081287168689,377.27721510399823,186.53091361287062,99.7202694950163,486.83,310.13,176.7,101
Arkansas,5,4,2018,2014,2014,1,4,1518240,8317,5524,2793,1450,547.8053535672884,363.84234376646646,183.96300980082202,95.50532195173358,471.88,297.77,174.11,96.54
Arkansas,5,4,2019,2014,2014,1,5,1514707,8303,5525,2778,1426,548.1588188342696,364.75701241230155,183.40180642196808,94.14361985519311,469.43,296.84,172.59000000000003,94.53
California,6,5,2010,2014,2014,0,-4,19789451,57367,37568,19799,10215,289.88676846063083,189.83851547978767,100.04825298084317,51.61841023280535,267.28,171.26,96.01999999999998,50.77
California,6,5,2011,2014,2014,0,-3,20046532,59011,38420,20591,10528,294.370118482339,191.65409757657832,102.71602090576066,52.51781205846478,268.94,170.55,98.38999999999999,51.85
California,6,5,2012,2014,2014,0,-2,20179883,59423,38530,20893,10554,294.46652391393945,190.93272245433732,103.53380145960212,52.29960946750782,267.74,169,98.74000000000001,51.48
California,6,5,2013,2014,2014,0,-1,20356297,59715,38404,21311,10936,293.3490310148255,188.65906701990053,104.68996399492501,53.722933989418614,265.98,166.34,99.64000000000001,52.81
California,6,5,2014,2014,2014,1,0,20661868,60349,38571,21778,11122,292.07910920735725,186.67721621297744,105.40189299437978,53.828627692326755,263.87,163.84,100.03,52.78
California,6,5,2015,2014,2014,1,1,20900046,61719,38820,22899,11553,295.3055701408504,185.74121798583602,109.56435215501439,55.277390298566814,266.22,162.2,104.02000000000004,54.22
California,6,5,2016,2014,2014,1,2,20961732,62779,39333,23446,11968,299.49338155835596,187.64193722159982,111.85144433675613,57.09451871629692,269.4,163.19,106.20999999999998,56.07
California,6,5,2017,2014,2014,1,3,21172207,62305,38459,23846,12384,294.27730420357216,181.6485168504162,112.62878735315594,58.49177650681386,264.88,157.79,107.09,57.51
California,6,5,2018,2014,2014,1,4,21152670,62435,38414,24021,12768,295.16368382809355,181.60355170292922,113.56013212516433,60.36117426310721,266.16,157.9,108.26000000000002,59.35
California,6,5,2019,2014,2014,1,5,21101432,62710,37675,25035,13444,297.183622419559,178.54238518030434,118.64123723925466,63.71131589552785,268.77,155.66,113.10999999999999,62.73
Colorado,8,6,2010,2014,2014,0,-4,2766264,8296,4731,3565,1854,299.89906964772706,171.02489133358205,128.874178314145,67.02180269128326,271.75,148.76,122.99000000000001,66.61
Colorado,8,6,2011,2014,2014,0,-3,2810124,8824,4888,3936,2057,314.0074957546357,173.9425021813984,140.06499357323733,73.1996168140623,282.93,149.52,133.41,72.77
Colorado,8,6,2012,2014,2014,0,-2,2836313,8832,4784,4048,2179,311.3901744976665,168.6696778529027,142.7204966447638,76.82508947355247,280.16,144.32,135.84000000000003,76.19
Colorado,8,6,2013,2014,2014,0,-1,2867753,8772,4806,3966,2055,305.88408415927034,167.58765486427876,138.29642929499158,71.65889112486326,274.95,143.09,131.85999999999999,70.99
Colorado,8,6,2014,2014,2014,1,0,2906081,9122,4993,4129,2168,313.89352189426245,171.81214150603512,142.0813803882273,74.60218761968439,282.86,147.39,135.47000000000003,74.46
Colorado,8,6,2015,2014,2014,1,1,2956802,9266,5053,4213,2285,313.37911703252365,170.89409436276085,142.4850226697628,77.27943906964349,281.23,145.35,135.88000000000002,76.49
Colorado,8,6,2016,2014,2014,1,2,3001518,9695,5163,4532,2471,323.00322703378754,172.01296144151058,150.99026559227696,82.32501021149965,291.67,147.16,144.51000000000002,81.47
Colorado,8,6,2017,2014,2014,1,3,3052049,9711,5021,4690,2531,318.1796884650279,164.512430829256,153.6672576357719,82.9278953254027,288,140.66,147.34,82.61
Colorado,8,6,2018,2014,2014,1,4,3095272,9704,4906,4798,2640,313.5104120090254,158.49980227908887,155.0106097299365,85.29137342372496,286.44,137.01,149.43,85.02
Colorado,8,6,2019,2014,2014,1,5,3130588,9941,4936,5005,2714,317.54418019873583,157.67006070425109,159.87411949448475,86.69297908252379,290.99,137.2,153.79000000000002,86
Connecticut,9,7,2010,2014,2014,0,-4,1923864,5765,3701,2064,1005,299.65735623723924,192.37326546990846,107.28409076733074,52.23861977769739,257.65,157.6,100.04999999999998,52.38
Connecticut,9,7,2011,2014,2014,0,-3,1930902,5788,3718,2070,936,299.7562797076185,192.5524961908994,107.20378351671913,48.47475428582082,253.72,155.65,98.07,48.89
Connecticut,9,7,2012,2014,2014,0,-2,1927009,5901,3687,2214,1033,306.2258660961106,191.33278567977626,114.89308041633434,53.60639208223729,259.23,153.87,105.36000000000001,53.8
Connecticut,9,7,2013,2014,2014,0,-1,1920952,5932,3677,2255,1119,308.80521741303266,191.41550647803797,117.38971093499474,58.25236653492643,260,152.26,107.74000000000001,58.24
Connecticut,9,7,2014,2014,2014,1,0,1915272,5875,3519,2356,1152,306.7449427548672,183.73369422202174,123.01124853284547,60.14811473252885,256.77,143.7,113.07,61
Connecticut,9,7,2015,2014,2014,1,1,1907806,6127,3550,2577,1400,321.1542473396142,186.07762005151469,135.0766272880995,73.38272340059734,267.37,143.52,123.85,73.12
Connecticut,9,7,2016,2014,2014,1,2,1893731,6239,3590,2649,1519,329.4554506421451,189.5728590808304,139.88259156131468,80.2120258896327,275.57,146.05,129.51999999999998,80.93
Connecticut,9,7,2017,2014,2014,1,3,1889765,6302,3472,2830,1623,333.48061796043424,183.72654800993774,149.7540699504965,85.88369453344728,280.89,140.81,140.07999999999998,87.78
Connecticut,9,7,2018,2014,2014,1,4,1875482,6401,3565,2836,1660,341.29893008837195,190.0844689525146,151.21446113585733,88.51058021351312,286.92,145.32,141.60000000000002,89.97
Connecticut,9,7,2019,2014,2014,1,5,1865530,6493,3448,3045,1774,348.0512240489298,184.82683205308948,163.22439199584034,95.09361950759302,292.54,140.82,151.72000000000003,96.54
Delaware,10,8,2010,2014,2014,0,-4,471987,1953,1306,647,333,413.78258299487067,276.70253629866926,137.08004669620138,70.552790648895,360.8,230.88,129.92000000000002,72.55
Delaware,10,8,2011,2014,2014,0,-3,477333,1946,1295,651,329,407.6818489398387,271.2990721362236,136.3827768036151,68.92462913731084,351.45,223.12,128.32999999999998,68.88
Delaware,10,8,2012,2014,2014,0,-2,477907,2008,1287,721,376,420.1654296756482,269.299256968406,150.8661727072422,78.67639519822895,363.15,220.12,143.02999999999997,78.48
Delaware,10,8,2013,2014,2014,0,-1,482572,2097,1378,719,379,434.5465547110069,285.5532438682725,148.99331084273433,78.53750321195594,368.48,230.16,138.32000000000002,79.2
Delaware,10,8,2014,2014,2014,1,0,487746,1988,1261,727,384,407.58919601595915,258.5362053199821,149.052990695977,78.72950265096998,347.52,205.08,142.43999999999997,81.32
Delaware,10,8,2015,2014,2014,1,1,493133,2073,1282,791,430,420.3734083908398,259.97043393972825,160.40297445111156,87.19757144624269,358.77,206.27,152.49999999999997,90.11
Delaware,10,8,2016,2014,2014,1,2,495257,2112,1288,824,489,426.44525973383514,260.06699551949794,166.3782642143372,98.73661553496467,362.37,206.41,155.96,99.18
Delaware,10,8,2017,2014,2014,1,3,498353,2261,1335,926,540,453.69446958280577,267.8824046408871,185.8120649419187,108.3569277199094,385.79,208.24,177.55,111.23
Delaware,10,8,2018,2014,2014,1,4,498661,2244,1264,980,592,450.00511369447383,253.47881626997096,196.52629742450281,118.71792660745476,390.27,201.33,188.93999999999997,123.11
Delaware,10,8,2019,2014,2014,1,5,498792,2285,1280,1005,633,458.10678599496384,256.6199939052751,201.4867920896887,126.9066063609681,396.92,200.68,196.24,132.52
District of Columbia,11,9,2010,2014,2014,0,-4,345084,1533,1052,481,240,444.23966338630595,304.8533110778825,139.38635230842345,69.54828389609486,457.45,311.7,145.75,72.54
District of Columbia,11,9,2011,2014,2014,0,-3,358268,1509,1053,456,226,421.19307334174414,293.914053166903,127.27902017484118,63.08126877086426,433.61,301.78,131.83000000000004,65.12
District of Columbia,11,9,2012,2014,2014,0,-2,368462,1442,1004,438,199,391.3565035200374,272.48400106388175,118.87250245615557,54.00828307939489,411.85,285.09,126.76000000000005,57.36
District of Columbia,11,9,2013,2014,2014,0,-1,380571,1460,1020,440,222,383.6340656539778,268.01831984045026,115.61574581352757,58.33339902409801,405.7,282.84,122.86000000000001,60.23
District of Columbia,11,9,2014,2014,2014,1,0,388271,1550,1079,471,251,399.2057094143009,277.89868416647136,121.30702524782949,64.64556971805774,426.94,295.79,131.14999999999998,68.67
District of Columbia,11,9,2015,2014,2014,1,1,395466,1596,1076,520,288,403.574517151917,272.08407296708185,131.4904441848351,72.82547677929328,425.82,287.93,137.89,74.69
District of Columbia,11,9,2016,2014,2014,1,2,401445,1684,1054,630,402,419.484611839729,262.55153258852397,156.93307925120502,100.13825056981653,448.77,281.11,167.65999999999997,105.8
District of Columbia,11,9,2017,2014,2014,1,3,410982,1654,974,680,439,402.45071560311646,236.99334764052927,165.45736796258717,106.81733019937613,441.37,259.93,181.44,115.76
District of Columbia,11,9,2018,2014,2014,1,4,415516,1653,997,656,413,397.8186158896408,239.94262555473196,157.8759903349089,99.39448781755696,435.21,263.89,171.32,106.67
District of Columbia,11,9,2019,2014,2014,1,5,417672,1602,926,676,453,383.5545595586968,221.70507000708687,161.84948955160988,108.45831178532437,424.74,247.61,177.13,116.44
Florida,12,10,2010,0,0,0,NA,9799960,39858,25805,14053,7491,406.71594577937054,263.3174012955155,143.39854448385503,76.43908750647962,350.74,216.65,134.09,76.14
Florida,12,10,2011,0,0,0,NA,9931303,40046,25828,14218,7525,403.2300696091943,260.0665793803693,143.16349022882494,75.77052074637135,344.69,211.74,132.95,75.58
Florida,12,10,2012,0,0,0,NA,10014388,40352,26173,14179,7298,402.9402495689202,261.3539639167166,141.58628565220363,72.87514723815374,342.94,212.39,130.55,72.04
Florida,12,10,2013,0,0,0,NA,10096320,40445,26465,13980,7023,400.59150264650884,262.12520997749675,138.46629266901206,69.55999809831701,339.59,212.05,127.53999999999996,68.97
Florida,12,10,2014,0,0,0,NA,10264799,41632,26867,14765,7371,405.5802748792256,261.73917287615666,143.84110200306893,71.80851763390594,343.17,210.74,132.43,71.13
Florida,12,10,2015,0,0,0,NA,10464952,43083,27301,15782,8216,411.6884625939995,260.88031746347235,150.80814513052712,78.50967687190538,348.82,208.96,139.85999999999999,78.51
Florida,12,10,2016,0,0,0,NA,10631187,45745,27850,17895,9858,430.2906157139367,261.9651032382367,168.32551247570004,92.72718088770331,367.79,209.65,158.14000000000001,93.71
Florida,12,10,2017,0,0,0,NA,10825994,46391,27958,18433,10328,428.5149243570614,258.24880375880497,170.26612059825638,95.40001592463472,364.57,205.14,159.43,95.78
Florida,12,10,2018,0,0,0,NA,10957992,46194,27718,18476,10230,421.5553360506195,252.94780284563083,168.60753320498864,93.35652006316487,357.91,200.57,157.34000000000003,93.8
Florida,12,10,2019,0,0,0,NA,11007703,46330,27482,18848,10653,420.88708243672636,249.66153247412288,171.22554996260345,96.77768377289975,358.12,197.59,160.53,97.48
Georgia,13,11,2010,0,0,0,NA,5193909,21392,13974,7418,3344,411.8670542745358,269.04591512866324,142.82113914587262,64.38310721269856,377.78,242.11,135.66999999999996,63.89
Georgia,13,11,2011,0,0,0,NA,5252706,21476,13976,7500,3433,408.8559306384176,266.0723825015145,142.78354813690316,65.35678943386515,371.25,235.93,135.32,64.87
Georgia,13,11,2012,0,0,0,NA,5273839,21523,13913,7610,3406,408.10877996085964,263.81161806418436,144.29716189667528,64.58293474639632,368.25,232.14,136.11,64.16
Georgia,13,11,2013,0,0,0,NA,5289140,22199,14389,7810,3438,419.7090642335049,272.04800780467144,147.6610564288334,65.00111549325598,376.49,237.61,138.88,64.49
Georgia,13,11,2014,0,0,0,NA,5330954,22412,14564,7848,3595,420.4125565517917,273.1968799580713,147.21567659372036,67.43633503496747,375.4,237.3,138.09999999999997,67
Georgia,13,11,2015,0,0,0,NA,5388757,22917,14686,8231,3799,425.2743257860765,272.5303813105694,152.74394447550708,70.49863261601887,377.83,235.03,142.79999999999998,70.18
Georgia,13,11,2016,0,0,0,NA,5438779,23808,14951,8857,4178,437.7453101146416,274.8962588845768,162.84905123006467,76.81871243527269,387.78,235.42,152.35999999999999,76.25
Georgia,13,11,2017,0,0,0,NA,5503440,23869,14841,9028,4311,433.7105519456922,269.6676987484192,164.04285319727296,78.33282456063844,383.22,229.65,153.57000000000002,78.02
Georgia,13,11,2018,0,0,0,NA,5542968,23798,14972,8826,4169,429.3367740892604,270.1079999018576,159.22877418740285,75.21241327750765,379.43,229.88,149.55,75.32
Georgia,13,11,2019,0,0,0,NA,5581400,23886,14795,9091,4304,427.9571433690472,265.076862435948,162.88028093309921,77.11326907227577,377.65,225.11,152.53999999999996,76.98
Hawaii,15,12,2010,2014,2014,0,-4,731033,2304,1459,845,436,315.1704505815743,199.58059348893963,115.58985709263466,59.64163040519375,275.57,166.92,108.65,60.22
Hawaii,15,12,2011,2014,2014,0,-3,735540,2392,1548,844,446,325.2032520325203,210.45762297087853,114.7456290616418,60.63572341409032,283.16,175.89,107.27000000000004,59.84
Hawaii,15,12,2012,2014,2014,0,-2,741631,2415,1552,863,435,325.63363721311543,209.2684906644949,116.36514654862054,58.654506081865506,284.25,175.59,108.66,58.57
Hawaii,15,12,2013,2014,2014,0,-1,740204,2356,1511,845,403,318.2906333929566,204.13291470999886,114.15771868295768,54.4444504487952,280.11,173.43,106.68,53.92
Hawaii,15,12,2014,2014,2014,1,0,744836,2507,1633,874,429,336.5841608085538,219.24289373768187,117.341267070872,57.596571594283844,296.5,186.12,110.38,57.82
Hawaii,15,12,2015,2014,2014,1,1,747678,2438,1569,869,445,326.0761985774625,209.8496946546508,116.22650392281169,59.51759982238343,286.75,178.53,108.22,57.56
Hawaii,15,12,2016,2014,2014,1,2,747808,2410,1551,859,460,322.2752364243228,207.40617912619282,114.86905729812999,61.51311566605332,280.27,173.71,106.55999999999997,60.01
Hawaii,15,12,2017,2014,2014,1,3,744051,2485,1554,931,514,333.9824823836001,208.85665095537806,125.12583142822199,69.08128609463598,296.73,178.5,118.23000000000002,68.82
Hawaii,15,12,2018,2014,2014,1,4,734867,2407,1514,893,520,327.542262749586,206.02367503235283,121.51858771723319,70.76110370992302,285.39,171.66,113.72999999999999,69.54
Hawaii,15,12,2019,2014,2014,1,5,728682,2520,1540,980,539,345.8298681729479,211.34047499457927,134.48939317836863,73.96916624810274,306.87,180.1,126.77000000000001,73.1
Idaho,16,13,2010,0,0,0,NA,789424,2579,1527,1052,572,326.69389326901637,193.43217333144165,133.26171993757472,72.45789335008817,291.14,165.09,126.04999999999998,71.98
Idaho,16,13,2011,0,0,0,NA,797559,2671,1584,1087,564,334.8968540258464,198.60599654696392,136.29085747888243,70.71577149778261,294.66,166.85,127.81000000000003,70.55
Idaho,16,13,2012,0,0,0,NA,799650,2642,1563,1079,587,330.39454761458137,195.460513974864,134.93403363971737,73.40711561308073,290.35,163.58,126.77000000000001,73.24
Idaho,16,13,2013,0,0,0,NA,805536,2915,1716,1199,642,361.8708536924483,213.02586104159218,148.84499265085608,79.69848647360267,315.47,176.5,138.97000000000003,79.04
Idaho,16,13,2014,0,0,0,NA,813969,2835,1677,1158,607,348.2933625236342,206.02750227588518,142.265860247749,74.57286456855236,304.73,170.12,134.61,75.06
Idaho,16,13,2015,0,0,0,NA,822675,2938,1671,1267,664,357.12766280730546,203.11787765521015,154.0097851520953,80.71231045066399,310.63,165.68,144.95,81.4
Idaho,16,13,2016,0,0,0,NA,834415,2963,1711,1252,695,355.09908139235273,205.05384011553005,150.04524127682268,83.2918871305046,307.12,165.6,141.52,84.08
Idaho,16,13,2017,0,0,0,NA,849456,3000,1684,1316,746,353.16720348081594,198.244523553898,154.92267992691794,87.8209112655629,307.23,161.65,145.58,87.54
Idaho,16,13,2018,0,0,0,NA,866186,3017,1682,1335,704,348.308561902409,194.184620855105,154.12394104730393,81.27584606539473,305.65,160.98,144.67,81.69
Idaho,16,13,2019,0,0,0,NA,883788,2911,1577,1334,690,329.37763355012737,178.4364576120065,150.94117593812092,78.07302203695909,288.09,145.83,142.25999999999996,77.95
Illinois,17,14,2010,2014,2014,0,-4,6845933,23443,16249,7194,3413,342.43688917200916,237.35260044175132,105.0842887302578,49.85441721384069,307.36,207.15,100.21000000000001,49.89
Illinois,17,14,2011,2014,2014,0,-3,6880302,23674,16132,7542,3603,344.08373353378965,234.46645219933657,109.61728133445305,52.3668873837224,305.36,201.16,104.20000000000002,52.74
Illinois,17,14,2012,2014,2014,0,-2,6862106,24062,16311,7751,3890,350.6503688517782,237.69670710420388,112.95366174757429,56.68813626603845,308.81,202.12,106.69,56.66
Illinois,17,14,2013,2014,2014,0,-1,6855616,23889,16161,7728,3851,348.4588401684108,235.7337400461169,112.7251001222939,56.172924504523,304.47,198.3,106.17000000000002,56.06
Illinois,17,14,2014,2014,2014,1,0,6851413,24283,16224,8059,4015,354.42324087016794,236.79786928623338,117.62537158393458,58.6010506153986,307.87,197.25,110.62,58.49
Illinois,17,14,2015,2014,2014,1,1,6835197,24680,16185,8495,4164,361.07225585451306,236.78907864689197,124.2831772076211,60.9199705582736,311.71,195.62,116.08999999999997,60.82
Illinois,17,14,2016,2014,2014,1,2,6789655,25215,15630,9585,5013,371.3738032344795,230.20315465218775,141.17064858229173,73.83291198153663,321.63,189.12,132.51,74.16
Illinois,17,14,2017,2014,2014,1,3,6764337,25208,15177,10031,5341,372.66032132934833,224.36788705234525,148.29243427700305,78.95821866947196,321.9,183.15,138.74999999999997,79.22
Illinois,17,14,2018,2014,2014,1,4,6714543,25746,15504,10242,5418,383.4363708743842,230.90179033777875,152.5345805366054,80.69052502903027,330.57,188.29,142.28,80.61
Illinois,17,14,2019,2014,2014,1,5,6653303,25142,15021,10121,5330,377.88749437685317,225.76756236714306,152.11993200971008,80.11058567451384,328.05,185.75,142.3,80.42
Indiana,18,15,2010,2015,2015,0,-5,3384086,14101,9444,4657,2288,416.68562796571956,279.0709219564751,137.61470600924446,67.61057490855728,364.43,234.8,129.63,67.74
Indiana,18,15,2011,2015,2015,0,-4,3403591,14652,9654,4998,2426,430.48650675125185,283.64160088565285,146.844905865599,71.27765938974454,373.7,235.98,137.72,72.06
Indiana,18,15,2012,2015,2015,0,-3,3394229,14726,9638,5088,2505,433.85405050749375,283.9525559412756,149.90149456621813,73.80173818560857,375.7,234.78,140.92,74.71
Indiana,18,15,2013,2015,2015,0,-2,3403429,14972,9686,5286,2627,439.90927972935526,284.5953301802388,155.31394954911647,77.18686066317235,378.54,233.23,145.31000000000003,78.11
Indiana,18,15,2014,2015,2015,0,-1,3404101,15322,9808,5514,2687,450.1041537839212,288.12306097850797,161.98109280541325,78.93420318609817,387.07,235.5,151.57,79.92
Indiana,18,15,2015,2015,2015,1,0,3408353,15602,9824,5778,2799,457.7577498574825,288.2330556723438,169.52469418513869,82.12177553205316,391.82,233.75,158.07,82.82
Indiana,18,15,2016,2015,2015,1,1,3404784,16129,9940,6189,3217,473.71580693518297,291.94216138233736,181.77364555284564,94.48470152585304,407.1,236.31,170.79000000000002,96.14
Indiana,18,15,2017,2015,2015,1,2,3410645,16500,9881,6619,3635,483.77946106968034,289.71059726239463,194.0688638072857,106.57808127201747,418.44,234.9,183.54,109.02
Indiana,18,15,2018,2015,2015,1,3,3412750,16193,9748,6445,3406,474.4853856860303,285.6347520328181,188.8506336532122,99.80221229213977,407.17,229.01,178.16000000000003,101.84
Indiana,18,15,2019,2015,2015,1,4,3418757,16083,9630,6453,3365,470.4341373194995,281.6813245281838,188.75281279131568,98.42758640055435,405.31,227.93,177.38,100.17
Iowa,19,16,2010,2014,2014,0,-4,1559607,5377,3558,1819,875,344.7663417771272,228.13439539576316,116.63194638136402,56.103877451178406,295.43,187.97,107.46000000000001,55.22
Iowa,19,16,2011,2014,2014,0,-3,1569551,5440,3640,1800,889,346.5959373094598,231.91345805265328,114.68247925680657,56.64040225516724,293.86,186.58,107.28,57.44
Iowa,19,16,2012,2014,2014,0,-2,1566638,5550,3704,1846,920,354.261801386153,236.42985807825417,117.83194330789883,58.724478788335276,298.49,188.29,110.20000000000002,59.43
Iowa,19,16,2013,2014,2014,0,-1,1568189,5643,3720,1923,933,359.8418302895888,237.2163049224296,122.62552536715918,59.49537970231905,302.46,189.36,113.09999999999997,59.51
Iowa,19,16,2014,2014,2014,1,0,1569386,5636,3685,1951,938,359.1213378990255,234.80520407344017,124.3161338255853,59.76859740051205,298.97,186.04,112.93000000000004,58.76
Iowa,19,16,2015,2014,2014,1,1,1570047,5658,3705,1953,946,360.37137741736393,235.98019677117946,124.39118064618447,60.25297331863314,299.02,184.78,114.23999999999998,59.44
Iowa,19,16,2016,2014,2014,1,2,1567650,5901,3736,2165,1062,376.42330877428,238.3185022166938,138.1048065575862,67.74471342455267,314.75,186.12,128.63,68.74
Iowa,19,16,2017,2014,2014,1,3,1567169,5908,3763,2145,1059,376.9855069874404,240.1144994573017,136.87100753013874,67.57407784355101,314.33,188.47,125.85999999999999,66.88
Iowa,19,16,2018,2014,2014,1,4,1566518,5836,3709,2127,1032,372.5459905344209,236.76714854218082,135.7788419922401,65.8785918834,310.32,186.49,123.82999999999998,65.55
Iowa,19,16,2019,2014,2014,1,5,1561570,6124,3844,2280,1105,392.16941923833065,246.16251592948123,146.00690330884942,70.7621176124029,326.68,192.81,133.87,69.56
Kansas,20,17,2010,0,0,0,NA,1461904,5462,3420,2042,1029,373.62234455887665,233.94149000207946,139.68085455679716,70.38765883395901,328.35,197.26,131.09000000000003,69.48
Kansas,20,17,2011,0,0,0,NA,1471460,5615,3517,2098,979,381.59379120057633,239.01431231565928,142.57947888491702,66.53255949872916,333.07,199.08,133.98999999999998,66.48
Kansas,20,17,2012,0,0,0,NA,1470390,5618,3481,2137,1031,382.07550377790926,236.7399125402104,145.33559123769882,70.11745183250702,333.3,196.8,136.5,71.06
Kansas,20,17,2013,0,0,0,NA,1464527,5566,3453,2113,1014,380.05444761346155,235.77578289782295,144.27866471563857,69.2373715199515,329.73,194.72,135.01000000000002,69.36
Kansas,20,17,2014,0,0,0,NA,1463761,5724,3570,2154,1049,391.04744558708694,243.89227476343473,147.1551708236522,71.66470482544624,335.87,199,136.87,71.26
Kansas,20,17,2015,0,0,0,NA,1461437,5914,3623,2291,1076,404.6701978942644,247.90668362714234,156.76351426712202,73.62616383737377,347.95,201.93,146.01999999999998,73.58
Kansas,20,17,2016,0,0,0,NA,1458212,5863,3514,2349,1117,402.06773775006656,240.98004954012177,161.0876882099448,76.60065888910529,342.27,193.02,149.24999999999997,76.43
Kansas,20,17,2017,0,0,0,NA,1454753,6038,3625,2413,1187,415.05327708552585,249.18319467291013,165.87008241261574,81.5946074694467,353.57,199.18,154.39,81.65
Kansas,20,17,2018,0,0,0,NA,1448568,6004,3600,2404,1170,414.47829856796506,248.5212982752622,165.95700029270287,80.7694219394602,352.32,198.35,153.97,81.28
Kansas,20,17,2019,0,0,0,NA,1443417,6020,3646,2374,1170,417.06589294708317,252.59505742276835,164.47083552431485,81.05765693489823,354.7,201.53,153.17,80.79
Kentucky,21,18,2010,2014,2014,0,-4,2324968,11789,7670,4119,2265,507.0607423414,329.89701363631673,177.16372870508326,97.42069568269328,445.93,276.24,169.69,99.57
Kentucky,21,18,2011,2014,2014,0,-3,2337210,12020,7810,4210,2328,514.2884036950039,334.1591042311132,180.1292994638907,99.6059404161372,449.73,277.2,172.53000000000003,102.11
Kentucky,21,18,2012,2014,2014,0,-2,2323637,12383,7939,4444,2451,532.9145645382648,341.6626607340131,191.2519038042517,105.48119176962668,462.9,280.67,182.22999999999996,107.67
Kentucky,21,18,2013,2014,2014,0,-1,2320105,12111,7807,4304,2248,522.0022369677234,336.49339146288634,185.50884550483707,96.89216651832568,448.76,274.29,174.46999999999997,97.66
Kentucky,21,18,2014,2014,2014,1,0,2316114,12648,8078,4570,2346,546.087109701854,348.77385137346437,197.3132583283897,101.29035099308582,470.76,284.96,185.8,102.73
Kentucky,21,18,2015,2014,2014,1,1,2316881,13237,8342,4895,2645,571.3284368079327,360.0530195551692,211.2754172527635,114.1620998229948,490.41,290.06,200.35000000000002,116.67
Kentucky,21,18,2016,2014,2014,1,2,2315663,13673,8371,5302,2833,590.4572470173769,361.4947425424166,228.9625044749603,122.34077238354631,510.28,292.47,217.80999999999995,125.8
Kentucky,21,18,2017,2014,2014,1,3,2313885,13679,8354,5325,2947,591.1702612705471,361.0378216722093,230.13243959833784,127.36155859085477,511.68,290.97,220.70999999999998,131.71
Kentucky,21,18,2018,2014,2014,1,4,2311215,13378,8259,5119,2692,578.8297497203852,357.3445135999896,221.48523612039554,116.47553343155008,496.48,286.71,209.77000000000004,119.28
Kentucky,21,18,2019,2014,2014,1,5,2300284,13395,8159,5236,2678,582.3194005609743,354.6953332718916,227.62406728908257,116.4204072192825,498.53,283.79,214.73999999999995,119.44
Louisiana,22,19,2010,2016,2016,0,-6,2382969,12058,8081,3977,1978,506.0074218338552,339.11477656654364,166.8926452673115,83.00569583574105,453.83,293.46,160.37,84.55
Louisiana,22,19,2011,2016,2016,0,-5,2407356,11999,7989,4010,2054,498.4306434112778,331.8578556723642,166.57278773891355,85.32182194905947,442.44,283.5,158.94,86.48
Louisiana,22,19,2012,2016,2016,0,-4,2413029,12355,8246,4109,2107,512.0120810814955,341.7281764951851,170.2839045863104,87.31764102296326,453.92,291.05,162.87,88.13
Louisiana,22,19,2013,2016,2016,0,-3,2425785,12883,8500,4383,2240,531.0858134583237,350.402034805228,180.6837786530958,92.34124211337773,468.4,296.85,171.54999999999995,93.57
Louisiana,22,19,2014,2016,2016,0,-2,2436696,13129,8625,4504,2339,538.8033632426859,353.96290714968137,184.84045609300463,95.99063650122953,474,299.79,174.20999999999998,96.04
Louisiana,22,19,2015,2016,2016,0,-1,2447021,13150,8520,4630,2482,537.3881139557036,348.1784586237715,189.20965533193217,101.42945238312217,472.14,291.9,180.24,102.77
Louisiana,22,19,2016,2016,2016,1,0,2450741,13216,8396,4820,2625,539.2654711370969,342.5902614760189,196.67520966107801,107.11046169301449,475.06,287.04,188.01999999999998,108.91
Louisiana,22,19,2017,2016,2016,1,1,2443400,13372,8331,5041,2746,547.2701972661047,340.9593189817468,206.31087828435787,112.38438241794222,481.8,284.94,196.86,114.48
Louisiana,22,19,2018,2016,2016,1,2,2420280,13071,8081,4990,2712,540.0614804898606,333.8869882823475,206.1744922075132,112.05315087510536,473.89,277.02,196.87,114.04
Louisiana,22,19,2019,2016,2016,1,3,2401099,13022,7822,5200,2855,542.3349891029067,325.76749230248316,216.56749680042347,118.9038852625402,476.7,268.9,207.8,122.48
Maine,23,20,2010,2019,2019,0,-9,726676,2700,1769,931,398,371.5548607632563,243.43724025562975,128.1176205076265,54.76993873473185,297.3,182.16,115.14000000000001,54.81
Maine,23,20,2011,2019,2019,0,-8,726805,2723,1746,977,443,374.6534489993877,240.22949759564122,134.42395140374651,60.951699561780664,300.09,179.03,121.05999999999997,61.49
Maine,23,20,2012,2019,2019,0,-7,721205,2753,1725,1028,455,381.72225650127217,239.18303395012515,142.53922255114702,63.08885823032286,303.35,176.36,126.99000000000001,63.68
Maine,23,20,2013,2019,2019,0,-6,718164,2744,1712,1032,509,382.0854289549462,238.38566121387314,143.6997677410731,70.87517614361066,304.1,175.67,128.43000000000004,70.98
Maine,23,20,2014,2019,2019,0,-5,714983,2784,1750,1034,493,389.37988735396505,244.76106424908005,144.61882310488502,68.95268838559798,310.45,179.23,131.22,70.96
Maine,23,20,2015,2019,2019,0,-4,711658,2954,1765,1189,606,415.0870221370377,248.01238797287462,167.07463416416314,85.15326181958187,332.96,180.36,152.59999999999997,86.36
Maine,23,20,2016,2019,2019,0,-3,708799,3013,1788,1225,635,425.0852498381064,252.25769223715045,172.82755760095597,89.58816251151596,344.6,182.84,161.76000000000002,94.59
Maine,23,20,2017,2019,2019,0,-2,707397,3141,1802,1339,751,444.02223928006475,254.73673199066437,189.28550728940044,106.16386555215811,358.72,180.38,178.34000000000003,112.95
Maine,23,20,2018,2019,2019,0,-1,704877,3013,1776,1237,684,427.4504629885782,251.95885239552436,175.49161059305382,97.03820666584383,344.39,181.56,162.82999999999998,99.96
Maine,23,20,2019,2019,2019,1,0,703173,3124,1774,1350,712,444.2718932609756,252.28499956625183,191.9868936947238,101.25530985973579,362.21,184.26,177.95,106.29
Maryland,24,21,2010,2014,2014,0,-4,3155586,11267,7732,3535,1793,357.04937212929707,245.02580503272608,112.02356709657097,56.81987434346585,315.23,208.74,106.49000000000001,57.23
Maryland,24,21,2011,2014,2014,0,-3,3190324,11208,7634,3574,1816,351.31228050818663,239.28604116697866,112.02623934120797,56.922118255073784,307.4,201.67,105.72999999999999,56.77
Maryland,24,21,2012,2014,2014,0,-2,3210004,11443,7751,3692,1972,356.4793065678423,241.46387356526657,115.01543300257569,61.432945254896886,311.17,202.79,108.38000000000002,61.39
Maryland,24,21,2013,2014,2014,0,-1,3225232,11578,7767,3811,2051,358.9819275016495,240.81988520515733,118.16204229649215,63.59232452115073,312.38,201.13,111.25,63.37
Maryland,24,21,2014,2014,2014,1,0,3241388,11762,7800,3962,2133,362.86923996756946,240.637652758633,122.23158720893642,65.80514273514926,315.73,200.53,115.20000000000002,66.01
Maryland,24,21,2015,2014,2014,1,1,3254482,12021,7659,4362,2480,369.3675368307461,235.3369906485886,134.0305461821574,76.20260305633893,320.55,193.85,126.70000000000002,76.61
Maryland,24,21,2016,2014,2014,1,2,3244648,12929,7777,5152,3242,398.4715753449989,239.68701689674813,158.78455844825078,99.91838868191557,347.53,196.02,151.50999999999996,100.63
Maryland,24,21,2017,2014,2014,1,3,3259312,13078,7605,5473,3468,401.25032522201,233.33145154560225,167.91887367640777,106.40282366339889,349.75,189.99,159.76,106.64
Maryland,24,21,2018,2014,2014,1,4,3240074,13052,7543,5509,3501,402.8303057275852,232.8033248623334,170.02698086525183,108.05308767639256,351.57,189.29,162.28,107.96
Maryland,24,21,2019,2014,2014,1,5,3225448,13031,7396,5635,3597,404.00589313484517,229.3014799804554,174.70441315438973,111.51939203484292,351.49,185.52,165.97,111.31
Massachusetts,25,22,2010,2014,2014,0,-4,3548094,10621,6991,3630,1659,299.343816708351,197.035366030325,102.30845067802599,46.75749853301519,260.16,164.38,95.78000000000003,46.65
Massachusetts,25,22,2011,2014,2014,0,-3,3581045,10742,6924,3818,1745,299.96830534103873,193.35138206864198,106.61692327239676,48.72879285236572,259.25,159.58,99.66999999999999,48.75
Massachusetts,25,22,2012,2014,2014,0,-2,3600674,10672,6701,3971,1698,296.3889538458633,186.10404607581802,110.28490777004528,47.15783767150261,256.18,152.86,103.32,47.28
Massachusetts,25,22,2013,2014,2014,0,-1,3618695,10992,6764,4228,1851,303.75591200695277,186.91821222844146,116.83769977851131,51.15103649243719,262.16,152.72,109.44000000000003,51.49
Massachusetts,25,22,2014,2014,2014,1,0,3640043,11467,6745,4722,2134,315.0237510930503,185.30000881857714,129.72374227447312,58.62568107025109,272.61,150.19,122.42000000000002,59.33
Massachusetts,25,22,2015,2014,2014,1,1,3661088,11829,6734,5095,2549,323.1006738980325,183.9343932732565,139.16628062477602,69.62411173946106,280.04,148.08,131.96,70.93
Massachusetts,25,22,2016,2014,2014,1,2,3655462,12025,6491,5534,3054,328.9597867519892,177.56989403801762,151.38989271397156,83.54621112187735,287.37,142.53,144.84,85.61
Massachusetts,25,22,2017,2014,2014,1,3,3680856,12288,6614,5674,3056,333.83539046352263,179.68646423549305,154.14892622802955,83.02416611788128,291.76,144.45,147.31,85.11
Massachusetts,25,22,2018,2014,2014,1,4,3694263,12096,6482,5614,3161,327.42660714735257,175.46124896900952,151.96535817834302,85.56510459596406,284.23,140.41,143.82000000000002,87.12
Massachusetts,25,22,2019,2014,2014,1,5,3679650,12053,6519,5534,3068,327.55832755832756,177.16358892829481,150.39473863003275,83.37749514220101,284.46,142.3,142.15999999999997,84.3
Michigan,26,23,2010,2014,2014,0,-4,5204153,21722,14517,7205,3446,417.39741318135725,278.95029219932616,138.4471209820311,66.2163468291574,355.52,226.28,129.23999999999998,66.33
Michigan,26,23,2011,2014,2014,0,-3,5198137,22119,14781,7338,3575,425.51783456265196,284.3518745273547,141.16596003529727,68.77463983731094,358.12,226.32,131.8,69.83
Michigan,26,23,2012,2014,2014,0,-2,5175101,21650,14361,7289,3430,418.3493230373668,277.5018303990589,140.84749263830793,66.27889967751354,349.64,218.46,131.17999999999998,67.6
Michigan,26,23,2013,2014,2014,0,-1,5157924,22098,14537,7561,3728,428.42818157072503,281.8381969179848,146.58998465274013,72.2771409582615,356.84,220.67,136.17,72.86
Michigan,26,23,2014,2014,2014,1,0,5152376,22484,14860,7624,3812,436.38119578229544,288.4106284168702,147.97056736542518,73.98528368271259,361.32,224.16,137.16,74.5
Michigan,26,23,2015,2014,2014,1,1,5157183,22787,14648,8139,4095,441.849746266518,284.03103011857445,157.81871614794355,79.40381405895428,367.1,220.26,146.84000000000003,80.44
Michigan,26,23,2016,2014,2014,1,2,5149843,23394,14761,8633,4560,454.2662756903463,286.6300972670429,167.6361784233034,88.54638869573306,377.96,221.1,156.85999999999999,90.26
Michigan,26,23,2017,2014,2014,1,3,5147659,23319,14290,9029,4861,453.00203451704937,277.6019157446132,175.40011877243617,94.43127448807311,378.17,214.05,164.12,95.83
Michigan,26,23,2018,2014,2014,1,4,5152704,23272,14280,8992,4796,451.6463588826371,277.1360435220032,174.51031536063394,93.07734346859436,379.95,215.87,164.07999999999998,94.88
Michigan,26,23,2019,2014,2014,1,5,5132000,22638,13881,8757,4668,441.11457521434136,270.4793452844895,170.6352299298519,90.95869056897895,368.52,209.1,159.42,91.73
Minnesota,27,24,2010,2014,2014,0,-4,2833942,7802,4860,2942,1398,275.30556376947726,171.49257112530884,103.81299264416845,49.33057910147773,241.62,145.27,96.35,48.52
Minnesota,27,24,2011,2014,2014,0,-3,2861221,8091,5023,3068,1543,282.7813720086634,175.55442239519422,107.22694961346922,53.92802583232823,244.83,146.02,98.81,52.84
Minnesota,27,24,2012,2014,2014,0,-2,2866848,8130,5074,3056,1496,283.58671265445537,176.98880442911516,106.59790822534016,52.18274564957752,245.14,146.42,98.72,51.68
Minnesota,27,24,2013,2014,2014,0,-1,2878108,8251,5051,3200,1529,286.68138930158284,175.49723637889892,111.18415292268394,53.12517806836992,247.11,145.16,101.95000000000002,52.13
Minnesota,27,24,2014,2014,2014,1,0,2887716,8192,5028,3164,1467,283.6844066383259,174.11684528533968,109.56756135298623,50.801394596975605,242.14,141.81,100.32999999999998,50.29
Minnesota,27,24,2015,2014,2014,1,1,2893266,8496,5095,3401,1644,293.6473867248984,176.09856819248557,117.54881853241285,56.82159884365973,249.5,141.37,108.13,56.65
Minnesota,27,24,2016,2014,2014,1,2,2891849,8713,5123,3590,1754,301.2951229472908,177.1530947846862,124.1420281626046,60.65323604379066,255.32,141.78,113.53999999999999,60
Minnesota,27,24,2017,2014,2014,1,3,2912352,8847,5142,3705,1787,303.7750931206118,176.558328114184,127.21676500642778,61.35934117853886,258.77,142.01,116.75999999999999,60.86
Minnesota,27,24,2018,2014,2014,1,4,2917126,8805,5127,3678,1751,301.8381790844825,175.75517821307685,126.08300087140563,60.02483266063927,256.18,140.92,115.26000000000002,59.06
Minnesota,27,24,2019,2014,2014,1,5,2917975,8925,5018,3907,1863,305.86279868744595,171.9685740967623,133.8942245906836,63.84564638148031,261.95,138.68,123.26999999999998,63.08
Mississippi,28,25,2010,0,0,0,NA,1526501,8541,5597,2944,1440,559.5148643859388,366.65550825056783,192.85935613537103,94.333380718388,497.62,315.75,181.87,93.74
Mississippi,28,25,2011,0,0,0,NA,1530627,8752,5885,2867,1438,571.7918212601764,384.48296025092986,187.30886100924656,93.94842767049059,505.15,326.74,178.40999999999997,94.71
Mississippi,28,25,2012,0,0,0,NA,1524397,8661,5843,2818,1435,568.1590819189489,383.2991012183834,184.85998070056553,94.13558279109708,499.74,323.87,175.87,95.74
Mississippi,28,25,2013,0,0,0,NA,1523680,9037,6131,2906,1420,593.1035388007981,402.3810773915783,190.7224614092198,93.19542161083692,517.69,338.35,179.34000000000003,92.78
Mississippi,28,25,2014,0,0,0,NA,1523327,9230,6247,2983,1430,605.9106153833025,410.0892323184713,195.82138306483114,93.87347562276517,525.24,341.2,184.04000000000002,93.94
Mississippi,28,25,2015,0,0,0,NA,1522290,9218,6126,3092,1537,605.5350820145965,402.4200382318744,203.1150437827221,100.9663073396002,525.27,333.78,191.49,101.76
Mississippi,28,25,2016,0,0,0,NA,1520580,9349,6201,3148,1506,614.8311828381276,407.8049165450025,207.02626629312502,99.04115534861697,532.74,337.44,195.3,100.44
Mississippi,28,25,2017,0,0,0,NA,1516634,9352,6119,3233,1544,616.6286658481874,403.45923934185834,213.16942650632916,101.8043905121473,529.2,329.1,200.10000000000002,102.92
Mississippi,28,25,2018,0,0,0,NA,1513990,9274,6128,3146,1500,612.5535835771702,404.75828770335335,207.79529587381688,99.07595162451535,526.68,331.63,195.04999999999995,99.26
Mississippi,28,25,2019,0,0,0,NA,1507452,9332,6044,3288,1654,619.0578539150832,400.9414561790359,218.11639773604733,109.72156990736687,533.47,328.64,204.83000000000004,110.85
Missouri,29,26,2010,0,0,0,NA,3135933,13520,8987,4533,2469,431.1316600195221,286.58137785469273,144.5502821648294,78.73254945178995,377.95,240.42,137.53,79.86
Missouri,29,26,2011,0,0,0,NA,3151871,13861,9214,4647,2620,439.7705362941567,292.33429921465694,147.43623707949976,83.12522942721958,380.69,240.73,139.96,83.94
Missouri,29,26,2012,0,0,0,NA,3141806,13872,9275,4597,2538,441.5294897266095,295.2123714831533,146.31711824345615,80.78156321555181,381.55,242.81,138.74,81.95
Missouri,29,26,2013,0,0,0,NA,3143205,14153,9377,4776,2573,450.2728902505564,298.3260716370711,151.94681861348528,81.85912150177923,386.42,242.95,143.47000000000003,83.07
Missouri,29,26,2014,0,0,0,NA,3144893,14566,9585,4981,2663,463.16361160777177,304.7798446560821,158.3837669516896,84.67696675212797,395,246.06,148.94,85.65
Missouri,29,26,2015,0,0,0,NA,3149875,14820,9563,5257,2813,470.4948609071788,303.59934918052306,166.89551172665583,89.30513115599825,399.89,243.65,156.23999999999998,90.26
Missouri,29,26,2016,0,0,0,NA,3149425,14879,9210,5669,3202,472.43544456527775,292.43433325130775,180.00111131397,101.6693523420942,404.91,233.51,171.40000000000003,104.51
Missouri,29,26,2017,0,0,0,NA,3152576,15062,9293,5769,3325,477.7680220873343,294.7748127245782,182.99320936275603,105.4693051016058,407.53,235.02,172.50999999999996,107.5
Missouri,29,26,2018,0,0,0,NA,3149273,15687,9473,6214,3540,498.114961770542,300.7995813636989,197.31538040684308,112.40689517866504,426.53,239.61,186.91999999999996,114.92
Missouri,29,26,2019,0,0,0,NA,3143302,15339,9238,6101,3452,487.99001814015963,293.8947641683809,194.09525397177873,109.82081899861991,417.89,233.78,184.10999999999999,111.86
Montana,30,27,2010,2016,2016,0,-6,524499,2008,1172,836,434,382.8415306797534,223.4513316517286,159.39019902802485,82.7456296389507,323.89,174.08,149.80999999999997,84.84
Montana,30,27,2011,2016,2016,0,-5,526990,2148,1214,934,497,407.59786713220365,230.36490255982085,177.23296457238277,94.30918992770262,342.34,176.32,166.01999999999998,95.97
Montana,30,27,2012,2016,2016,0,-4,526358,2164,1221,943,482,411.12702761238546,231.97139589404932,179.1556317183362,91.57265587299898,343.37,175.22,168.15,92.04
Montana,30,27,2013,2016,2016,0,-3,526133,2181,1213,968,527,414.5339676469638,230.55007003932468,183.98389760763914,100.16478723060519,348.17,173.01,175.16000000000003,103.6
Montana,30,27,2014,2016,2016,0,-2,526415,2155,1237,918,476,409.3728332209379,234.9857051945708,174.38712802636704,90.42295527293106,337.68,175.58,162.1,91.43
Montana,30,27,2015,2016,2016,0,-1,527708,2388,1344,1044,534,452.5229861969119,254.68630378921677,197.83668240769518,101.19232605910844,380.69,194.87,185.82,102.11
Montana,30,27,2016,2016,2016,1,0,530567,2284,1291,993,527,430.4828607885526,243.32459425482548,187.15826653372713,99.32770036583504,361.47,185.78,175.69000000000003,100.29
Montana,30,27,2017,2016,2016,1,1,532735,2260,1247,1013,526,424.225928463495,234.07510300618503,190.15082545730994,98.73576919106122,355.58,178.6,176.98,100.16
Montana,30,27,2018,2016,2016,1,2,535524,2176,1244,932,489,406.33099543624564,232.2958448174125,174.03515061883314,91.31243417661953,339.03,177.87,161.15999999999997,92.29
Montana,30,27,2019,2016,2016,1,3,535989,2216,1211,1005,500,413.4413206241173,225.9374725973854,187.50384802673187,93.28549653071238,354.14,175.11,179.02999999999997,94.99
Nebraska,31,28,2010,0,0,0,NA,937916,3006,1869,1137,486,320.49778444978017,199.27157655909485,121.2262078906853,51.81700706673092,279.25,167.27,111.97999999999999,51.49
Nebraska,31,28,2011,0,0,0,NA,947165,3122,1918,1204,494,329.61522015699484,202.49903659869187,127.11618355830295,52.155643420101036,287.69,170.16,117.53,51.81
Nebraska,31,28,2012,0,0,0,NA,949085,3122,1862,1260,523,328.9484082036909,196.1889609465959,132.759447257095,55.105707075762446,284.58,161.91,122.66999999999999,55.2
Nebraska,31,28,2013,0,0,0,NA,951474,3091,1851,1240,506,324.86436833796824,194.54026069025534,130.32410764771294,53.18064392721188,281.59,161.54,120.04999999999998,52.79
Nebraska,31,28,2014,0,0,0,NA,952287,3324,2009,1315,563,349.0544342199358,210.96581177733185,138.08862244260396,59.12083227010345,303.14,174.82,128.32,59.45
Nebraska,31,28,2015,0,0,0,NA,954368,3393,2075,1318,595,355.5232363197425,217.42137204935622,138.10186427038627,62.34492355150214,303.03,177.52,125.50999999999996,61.09
Nebraska,31,28,2016,0,0,0,NA,954329,3274,1964,1310,558,343.06827100507263,205.79904833657997,137.26922266849274,58.47040171680836,292.27,165.58,126.68999999999997,58.02
Nebraska,31,28,2017,0,0,0,NA,957952,3366,2043,1323,584,351.3745991448423,213.26747060395513,138.10712854088723,60.96338856226616,300.92,172.9,128.02,60.8
Nebraska,31,28,2018,0,0,0,NA,958053,3427,2059,1368,576,357.70463638232957,214.91504123467075,142.78959514765884,60.12193479901425,309.32,177.54,131.78,58.59
Nebraska,31,28,2019,0,0,0,NA,956578,3438,2003,1435,630,359.4061331119888,209.3922293843262,150.01390372766258,65.85976261214454,311.77,173.48,138.29,65.46
Nevada,32,29,2010,2014,2014,0,-4,1462355,5820,3382,2438,1218,397.9881766055438,231.2707926597851,166.71738394575874,83.29030912466536,361.87,203.05,158.82,82.87
Nevada,32,29,2011,2014,2014,0,-3,1469423,5942,3467,2475,1212,404.37641169356954,235.9429517572544,168.43345993631513,82.48135492638947,365.31,205.01,160.3,82
Nevada,32,29,2012,2014,2014,0,-2,1479687,5952,3401,2551,1259,402.2472320159601,229.84590660051754,172.40132541544259,85.08556201412866,360.14,197.77,162.36999999999998,83.6
Nevada,32,29,2013,2014,2014,0,-1,1492548,6106,3587,2519,1246,409.0990708506527,240.32727925668053,168.77179159397218,83.48140227315972,365.03,206.3,158.72999999999996,82.14
Nevada,32,29,2014,2014,2014,1,0,1519062,6153,3653,2500,1252,405.0525916651197,240.47734720505153,164.57524446006812,82.41928242560212,361.84,206.66,155.17999999999998,81.41
Nevada,32,29,2015,2014,2014,1,1,1547043,6342,3669,2673,1359,409.9433564548626,237.16212154413293,172.7812349107297,87.84500495461342,365.81,202.81,163,86.76
Nevada,32,29,2016,2014,2014,1,2,1571264,6553,3890,2663,1417,417.05276770803636,247.57138202109894,169.4813856869374,90.1821718056291,371.89,211.54,160.35,89.32
Nevada,32,29,2017,2014,2014,1,3,1604490,6621,3761,2860,1480,412.65448834209,234.40470180555815,178.24978653653184,92.24114827764586,367.15,199.11,168.03999999999996,90.98
Nevada,32,29,2018,2014,2014,1,4,1620425,6626,3676,2950,1520,408.9050712004567,226.8540660629156,182.0510051375411,93.80255179968219,364.5,192.54,171.96,92.57
Nevada,32,29,2019,2014,2014,1,5,1641325,6579,3723,2856,1363,400.8346914840144,226.82893394056632,174.0057575434481,83.04266370158255,356.03,193.12,162.90999999999997,81.46
New Hampshire,33,30,2010,2014,2014,0,-4,727854,2217,1388,829,425,304.59405320297753,190.69758495522453,113.89646824775299,58.39083112822077,255.12,148.73,106.39000000000001,59.01
New Hampshire,33,30,2011,2014,2014,0,-3,729048,2364,1504,860,447,324.2584850380222,206.29643041336098,117.9620546246612,61.3128353688646,263.16,157.86,105.30000000000001,59.75
New Hampshire,33,30,2012,2014,2014,0,-2,726322,2338,1447,891,444,321.89579828230455,199.22293418070774,122.6728641015968,61.12991207756339,260.69,150.02,110.66999999999999,61.06
New Hampshire,33,30,2013,2014,2014,0,-1,722083,2365,1469,896,438,327.5246751412234,203.43921682133495,124.08545831988843,60.65784681262404,263.12,152.65,110.47,60.08
New Hampshire,33,30,2014,2014,2014,1,0,720203,2574,1478,1096,585,357.39923327173034,205.2199171622445,152.1793161094858,81.22709847084779,291.82,149.14,142.68,85.02
New Hampshire,33,30,2015,2014,2014,1,1,718643,2662,1518,1144,674,370.42036170949973,211.23144593351637,159.18891577598333,93.78787520368249,309.05,155.58,153.47,100.32
New Hampshire,33,30,2016,2014,2014,1,2,719887,2826,1619,1207,721,392.56161036384873,224.89640735282066,167.66520301102813,100.15460759813693,328.97,166.22,162.75000000000003,108.01
New Hampshire,33,30,2017,2014,2014,1,3,720806,2757,1519,1238,724,382.48849204917826,210.73631462557194,171.75217742360635,100.44311506840953,314.69,153.09,161.6,105.75
New Hampshire,33,30,2018,2014,2014,1,4,726506,2888,1549,1339,764,397.5190844948287,213.2122790451834,184.30680544964528,105.16086584281479,328.36,154.85,173.51000000000002,110.83
New Hampshire,33,30,2019,2014,2014,1,5,726903,2785,1576,1209,697,383.13227487023715,216.81022089604804,166.32205397418915,95.88624617039687,316.27,159,157.26999999999998,100.02
New Jersey,34,31,2010,2014,2014,0,-4,4773459,15021,10178,4843,2100,314.6774697342116,213.220643562666,101.45682617154561,43.993255205501924,276.09,180.85,95.23999999999998,44.25
New Jersey,34,31,2011,2014,2014,0,-3,4796209,15427,10410,5017,2286,321.64986972002265,217.04642145494495,104.60344826507769,47.66264355869396,279.38,181.72,97.66,47.86
New Jersey,34,31,2012,2014,2014,0,-2,4802440,15144,10072,5072,2421,315.3397023179883,209.72672224952316,105.61298006846519,50.41187396406827,273.09,174.14,98.94999999999999,50.67
New Jersey,34,31,2013,2014,2014,0,-1,4801833,15219,9929,5290,2570,316.94146797691633,206.77520438549197,110.16626359142435,53.5212282476296,273.98,171.29,102.69000000000003,53.7
New Jersey,34,31,2014,2014,2014,1,0,4815425,15201,9927,5274,2470,315.6730714319089,206.15002829449114,109.52304313741777,51.29349953534735,270.22,168.41,101.81000000000003,51.51
New Jersey,34,31,2015,2014,2014,1,1,4822821,15370,9737,5633,2737,318.6931466044458,201.8942855229336,116.79886108151224,56.751017713491756,271.59,162.77,108.81999999999996,57.25
New Jersey,34,31,2016,2014,2014,1,2,4800362,16161,9823,6338,3240,336.6621100658659,204.63040079060704,132.03170927525883,67.49490975888902,288.52,164.8,123.71999999999997,68.52
New Jersey,34,31,2017,2014,2014,1,3,4820805,16636,9726,6910,3865,345.0875942918247,201.7505375139629,143.3370567778618,80.17333204724108,296.98,161.33,135.65,81.59
New Jersey,34,31,2018,2014,2014,1,4,4750344,16615,9504,7111,4020,349.76414339677297,200.06972126650197,149.694422130271,84.62545028317949,300.32,158.42,141.9,86.47
New Jersey,34,31,2019,2014,2014,1,5,4714443,16254,9205,7049,3917,344.77031539038654,195.25106147216118,149.51925391822533,83.08510676658939,294.94,154.85,140.09,84.04
New Mexico,35,32,2010,2014,2014,0,-4,1064713,4471,2430,2041,1128,419.92536955968416,228.230518458965,191.69485110071915,105.94404313650722,374.4,188.04,186.35999999999999,108.95
New Mexico,35,32,2011,2014,2014,0,-3,1073422,4721,2451,2270,1200,439.8083884995836,228.33517479611933,211.47321370346427,111.79200724412206,390.56,186.97,203.59,114.6
New Mexico,35,32,2012,2014,2014,0,-2,1069038,4776,2461,2315,1221,446.75680378059525,230.20697112731258,216.5498326532827,114.21483614240091,396.76,187.34,209.42,116.46
New Mexico,35,32,2013,2014,2014,0,-1,1060551,4735,2521,2214,1140,446.46603510816544,237.70662608398843,208.75940902417705,107.49129461949495,395.62,195.17,200.45000000000002,108.62
New Mexico,35,32,2014,2014,2014,1,0,1056333,5040,2546,2494,1305,477.1222711020104,241.02248060034097,236.09979050166945,123.54058805319913,424.54,198.98,225.56000000000003,124.49
New Mexico,35,32,2015,2014,2014,1,1,1052946,5002,2476,2526,1253,475.04810313159464,235.14976076645905,239.89834236513553,118.99945486283247,427.45,193.87,233.57999999999998,121.69
New Mexico,35,32,2016,2014,2014,1,2,1047564,5224,2632,2592,1298,498.6807488611674,251.24956565899552,247.43118320217187,123.90651072392711,443.16,204.26,238.90000000000003,126.59
New Mexico,35,32,2017,2014,2014,1,3,1048233,5150,2543,2607,1305,491.30298321079374,242.59873520486383,248.70424800592997,124.49522195923997,439.92,198.96,240.96,127.16
New Mexico,35,32,2018,2014,2014,1,4,1049631,5200,2521,2679,1368,495.41219723883916,240.1796440844449,255.23255315439428,130.33151650437154,445.37,195.77,249.6,132.61
New Mexico,35,32,2019,2014,2014,1,5,1047510,5472,2626,2846,1514,522.3816479078959,250.68973088562402,271.69191702227187,144.533226413113,473.62,206.59,267.03,147.78
New York,36,33,2010,2014,2014,0,-4,10451713,32480,22914,9566,4358,310.76245587685,219.23678922297233,91.52566665387769,41.69651424603795,274.96,188.37,86.589999999999975,41.5
New York,36,33,2011,2014,2014,0,-3,10528878,32790,22897,9893,4770,311.4291950196403,217.4685659763557,93.96062904328457,45.303972560039156,273.44,184.83,88.60999999999999,45.12
New York,36,33,2012,2014,2014,0,-2,10551889,32647,22610,10037,4853,309.394839161026,214.27442991487118,95.12040924615488,45.991765076376375,270.53,181.36,89.16999999999996,45.63
New York,36,33,2013,2014,2014,0,-1,10596124,32758,22617,10141,4957,309.1507800399467,213.44597326343106,95.70480677651564,46.7812569954825,270.16,180.13,90.03000000000003,46.18
New York,36,33,2014,2014,2014,1,0,10643845,32767,22504,10263,4935,307.8492781508938,211.42735543405604,96.42192271683777,46.36482398982699,267.97,177.52,90.45000000000002,45.97
New York,36,33,2015,2014,2014,1,1,10678246,32809,21866,10943,5353,307.2508350154136,204.77145778435897,102.47937723105463,50.129955799857015,267.52,171.09,96.42999999999998,49.88
New York,36,33,2016,2014,2014,1,2,10627170,34200,22179,12021,6143,321.8166266277852,208.70090532098385,113.11572130680133,57.80466483551125,280.47,173.36,107.11000000000001,57.69
New York,36,33,2017,2014,2014,1,3,10660167,33692,21460,12232,6380,316.0550861914265,201.31016709212906,114.7449190992974,59.848968594957284,275.3,166.23,109.07000000000002,60.05
New York,36,33,2018,2014,2014,1,4,10460407,33231,21163,12068,6173,317.68362359131913,202.31526364127132,115.36835995004783,59.01300016337796,275.31,166.66,108.65,58.65
New York,36,33,2019,2014,2014,1,5,10366572,32959,20730,12229,6094,317.93537921696776,199.96967174877093,117.96570746819683,58.78510273212784,275.81,164.47,111.34,58.72
North Carolina,37,34,2010,0,0,0,NA,5081151,20546,13607,6939,3394,404.35720174425046,267.7936554139013,136.56354633034917,66.79588935656508,358.48,229.71,128.77,66.83
North Carolina,37,34,2011,0,0,0,NA,5136260,20971,13821,7150,3541,408.2931938803721,269.0868452920997,139.20634858827242,68.94121403511504,357.22,226.59,130.63000000000002,68.96
North Carolina,37,34,2012,0,0,0,NA,5145514,21202,13899,7303,3607,412.04824241076784,270.1187869666665,141.92945544410142,70.09989672557494,359.98,226.77,133.21,69.86
North Carolina,37,34,2013,0,0,0,NA,5169971,21448,14007,7441,3620,414.857259354066,270.92995299199936,143.92730636206662,70.01973512037108,360.72,226.1,134.62000000000003,69.85
North Carolina,37,34,2014,0,0,0,NA,5205165,21919,14170,7749,3719,421.10096413850476,272.2296027119217,148.87136142658304,71.44826340759612,364.79,225.66,139.13000000000002,71.23
North Carolina,37,34,2015,0,0,0,NA,5247313,22416,14214,8202,4053,427.1900685169724,270.8814968727804,156.308571644192,77.23953192805537,368.58,222.82,145.76,77.37
North Carolina,37,34,2016,0,0,0,NA,5312369,23323,14544,8779,4499,439.03200248326124,273.77616276279,165.25583972047122,84.68914715826405,378.62,223.58,155.04,85.53
North Carolina,37,34,2017,0,0,0,NA,5368112,23809,14323,9486,4960,443.5265136047832,266.81634064266916,176.71017296211406,92.39747605862173,383.66,217.25,166.41000000000003,93.69
North Carolina,37,34,2018,0,0,0,NA,5409876,23662,14316,9346,4854,437.3852561500485,264.62713747967604,172.75811867037248,89.72479221335203,377.1,215.28,161.82000000000002,90.16
North Carolina,37,34,2019,0,0,0,NA,5445688,23760,14079,9681,4808,436.3085068406416,258.53482608625393,177.7736807543877,88.29003791623758,376.53,209.46,167.06999999999996,89.41
North Dakota,38,35,2010,2014,2014,0,-4,344223,1101,675,426,189,319.8507943978177,196.09381127931604,123.75698311850167,54.906267158208486,280.39,159.99,120.39999999999998,57.13
North Dakota,38,35,2011,2014,2014,0,-3,350238,1172,689,483,211,334.6295947327246,196.72337096488675,137.90622376783787,60.24474785717141,290.82,161.44,129.38,58.41
North Dakota,38,35,2012,2014,2014,0,-2,356961,1250,706,544,219,350.17831079585727,197.78070993750015,152.39760085835707,61.351240051434196,312.96,164.88,148.07999999999998,62.81
North Dakota,38,35,2013,2014,2014,0,-1,365188,1320,726,594,245,361.45766016407987,198.80171309024394,162.65594707383593,67.08873237893907,322.11,164.72,157.39000000000001,68.66
North Dakota,38,35,2014,2014,2014,1,0,372005,1273,752,521,258,342.1997016169138,202.14782059380923,140.05188102310453,69.35390653351433,302.54,169.7,132.84000000000003,68.95
North Dakota,38,35,2015,2014,2014,1,1,380243,1393,803,590,296,366.34467958647497,211.18074494468013,155.16393464179484,77.84495704062928,328.73,178.91,149.82000000000002,78.73
North Dakota,38,35,2016,2014,2014,1,2,380530,1348,741,607,295,354.24276666754264,194.72840511917587,159.51436154836676,77.52345412976638,318.14,164.78,153.35999999999999,78.38
North Dakota,38,35,2017,2014,2014,1,3,379974,1344,736,608,299,353.708411628164,193.69746351066127,160.01094811750278,78.68959455120614,316.12,165.2,150.92000000000002,77.5
North Dakota,38,35,2018,2014,2014,1,4,380030,1370,751,619,296,360.4978554324659,197.61597768597215,162.8818777464937,77.88858774307292,324.54,170.63,153.91000000000003,75.37
North Dakota,38,35,2019,2014,2014,1,5,379224,1413,730,683,323,372.6029998101386,192.49836508237877,180.10463472775984,85.1739341391895,335.17,162.34,172.83,85.46
Ohio,39,36,2010,2014,2014,0,-4,6084247,25805,17293,8512,4257,424.1280802702454,284.2258047709109,139.9022754993346,69.96757363729645,362.2,231.33,130.86999999999998,70.79
Ohio,39,36,2011,2014,2014,0,-3,6100315,26704,17635,9069,4417,437.7478867894527,289.08343257684237,148.66445421261034,72.40609706220089,370.24,232.35,137.89000000000001,73.34
Ohio,39,36,2012,2014,2014,0,-2,6066755,26767,17584,9183,4612,441.2078615338842,289.84193362019727,151.365927913687,76.02087112467868,371.87,231.16,140.71,77.14
Ohio,39,36,2013,2014,2014,0,-1,6059879,27120,17667,9453,4698,447.5336883789264,291.54047465304177,155.99321372588463,77.5263004426326,377.23,232.26,144.97000000000003,78.54
Ohio,39,36,2014,2014,2014,1,0,6056980,27622,17780,9842,5068,456.03584624680946,293.5456283494415,162.49021789736798,83.67206099409276,383.63,232.09,151.54,85.61
Ohio,39,36,2015,2014,2014,1,1,6056662,28512,17747,10765,5708,470.75435281017826,293.0161861434566,177.7381666667217,94.24333073234068,398.02,230.85,167.17,96.82
Ohio,39,36,2016,2014,2014,1,2,6040087,29922,17885,12037,6808,495.3902154058377,296.10500643450996,199.28520897132773,112.71360826425182,421.5,232.97,188.53,115.78
Ohio,39,36,2017,2014,2014,1,3,6036670,31020,17903,13117,7637,513.8594622531959,296.5707915125392,217.28867074065667,126.51014549412176,440.36,232.48,207.88000000000002,131.53
Ohio,39,36,2018,2014,2014,1,4,6032897,29610,17656,11954,6615,490.8089761850733,292.6620494266685,198.1469267584048,109.64881382858019,417.62,229.62,188,112.81
Ohio,39,36,2019,2014,2014,1,5,6004450,29628,17330,12298,6868,493.4340364229863,288.6192740384215,204.81476238456477,114.38183347350714,420.08,226.36,193.71999999999997,117.5
Oklahoma,40,37,2010,0,0,0,NA,1933785,9991,6623,3368,1949,516.6551607340009,342.4889530118395,174.16620772216146,100.78679894610826,458.42,291.49,166.93,101.17
Oklahoma,40,37,2011,0,0,0,NA,1949609,10216,6743,3473,1995,524.0025051176927,345.86422200554057,178.13828311215224,102.32821042578281,461.43,290.41,171.01999999999998,103.25
Oklahoma,40,37,2012,0,0,0,NA,1951706,10214,6625,3589,2056,523.3370189977384,339.44661747209875,183.89040152563962,105.34373517322793,462.47,286.08,176.39000000000004,105.85
Oklahoma,40,37,2013,0,0,0,NA,1961484,10625,6867,3758,2079,541.6817062999239,350.09207314461906,191.58963315530485,105.99117810800394,477.83,295.15,182.68,105.49
Oklahoma,40,37,2014,0,0,0,NA,1970518,10720,7036,3684,2074,544.0193898254165,357.06347265033867,186.95591717507781,105.25151254644717,477.7,299.71,177.99,104.43
Oklahoma,40,37,2015,0,0,0,NA,1984030,10914,7178,3736,2118,550.092488520839,361.7888842406617,188.3036042801772,106.75241805819468,482.74,302.85,179.89,106.85
Oklahoma,40,37,2016,0,0,0,NA,1988714,10867,6920,3947,2255,546.4335243780654,347.9635583598245,198.46996601824097,113.38985897419137,481.15,291.05,190.09999999999997,114.26
Oklahoma,40,37,2017,0,0,0,NA,1988880,10951,7149,3802,2126,550.6113993805559,359.44853384819595,191.16286553235992,106.89433248863682,480.72,298.5,182.22000000000003,106.52
Oklahoma,40,37,2018,0,0,0,NA,1987360,10802,6878,3924,2153,543.5351420980597,346.0872715562354,197.44787054182433,108.33467514692859,473.59,286.24,187.34999999999997,107.09
Oklahoma,40,37,2019,0,0,0,NA,1988696,10706,6857,3849,2042,538.342713013955,344.7988028336156,193.54391018033928,102.68034933443825,470.67,287.62,183.05,102.33
Oregon,41,38,2010,2014,2014,0,-4,2072310,7301,4496,2805,1372,352.31215406961314,216.95595736159166,135.35619670802149,66.20631083187361,301.81,176.88,124.93,65.59
Oregon,41,38,2011,2014,2014,0,-3,2090488,7510,4587,2923,1402,359.24626211678805,219.42245064310342,139.8238114736846,67.06568035788773,305.98,176.96,129.02,67.03
Oregon,41,38,2012,2014,2014,0,-2,2092106,7499,4524,2975,1405,358.4426410516484,216.2414332734575,142.20120777819096,67.15720905154902,304.55,173.48,131.07000000000002,66.62
Oregon,41,38,2013,2014,2014,0,-1,2097637,7574,4577,2997,1332,361.0729597160996,218.19790554800474,142.87505416809486,63.50002407470883,304.69,174.54,130.15,62.77
Oregon,41,38,2014,2014,2014,1,0,2113451,7808,4601,3207,1481,369.4431524553917,217.7008125572819,151.74233989810978,70.07496270318072,312.96,174.51,138.45,69.11
Oregon,41,38,2015,2014,2014,1,1,2141461,7846,4530,3316,1582,366.38537895390107,211.53782394356006,154.84755501034107,73.87479856042206,312.18,169.66,142.52,72.87
Oregon,41,38,2016,2014,2014,1,2,2170282,7830,4587,3243,1537,360.78260797444756,211.35502206625682,149.42758590819074,70.82028971350266,308.21,170.86,137.34999999999997,70.15
Oregon,41,38,2017,2014,2014,1,3,2197258,7825,4514,3311,1535,356.12568027969405,205.43786847061202,150.68781180908204,69.85979798457896,305.48,167.17,138.31000000000003,68.97
Oregon,41,38,2018,2014,2014,1,4,2213411,7696,4347,3349,1549,347.69864250245433,196.39371088333797,151.3049316191164,69.98248404837601,300.61,161.23,139.38000000000002,69
Oregon,41,38,2019,2014,2014,1,5,2222073,7847,4366,3481,1675,353.1387132645957,196.48319384646678,156.6555194181289,75.38006177114794,307.22,162.13,145.09000000000003,74.28
Pennsylvania,42,39,2010,2015,2015,0,-5,6689536,26025,16850,9175,4496,389.040435689411,251.88593050399908,137.15450518541195,67.20944472082967,329.75,202.72,127.03,67.83
Pennsylvania,42,39,2011,2015,2015,0,-4,6733772,27299,17394,9905,5005,405.40428158244737,258.30990416663946,147.09437741580797,74.32684088501958,340.82,204.25,136.57,75.37
Pennsylvania,42,39,2012,2015,2015,0,-3,6717521,26534,16697,9837,4994,394.99690436397594,248.5589550073606,146.43794935661532,74.34290119822477,332.17,196.28,135.89000000000001,75.49
Pennsylvania,42,39,2013,2015,2015,0,-2,6722262,26884,16973,9911,5012,399.9249062294805,252.48941502131277,147.43549120816772,74.55823649836915,335.03,198.64,136.39,75.7
Pennsylvania,42,39,2014,2015,2015,0,-1,6725386,27165,16955,10210,5250,403.91733649191286,252.10448887246025,151.8128476194526,78.06243388855302,336.78,196.91,139.86999999999998,78.91
Pennsylvania,42,39,2015,2015,2015,1,0,6727908,28083,17139,10944,5896,417.4105829033334,254.74486274188052,162.66572016145287,87.63496766008097,349.53,197.99,151.53999999999996,89.25
Pennsylvania,42,39,2016,2015,2015,1,1,6698103,29170,16711,12459,7130,435.4964383199243,249.48854922057785,186.00788909934647,106.44804954477411,369.22,193.27,175.95000000000002,109.89
Pennsylvania,42,39,2017,2015,2015,1,2,6684956,29623,16550,13073,7956,443.1293190261836,247.57081422824623,195.55850479793733,119.01349836857565,377.12,190.91,186.21,123.49
Pennsylvania,42,39,2018,2015,2015,1,3,6662237,28671,16328,12343,7196,430.3509466865259,245.0828452965573,185.26810138996856,108.01176841952636,363.13,188.48,174.65,110.88
Pennsylvania,42,39,2019,2015,2015,1,4,6631855,28430,16186,12244,6952,428.6885041967896,244.06444350788732,184.6240606889023,104.82738238396347,362.41,188.74,173.67000000000002,107.61
Rhode Island,44,40,2010,2014,2014,0,-4,556761,1915,1215,700,381,343.9536892849894,218.22649215731704,125.72719712767237,68.43151729377595,294.1,176.95,117.15000000000003,68.8
Rhode Island,44,40,2011,2014,2014,0,-3,556524,1962,1247,715,378,352.5454427841387,224.06940221805348,128.4760405660852,67.92159906850378,296.09,178.26,117.82999999999998,66.49
Rhode Island,44,40,2012,2014,2014,0,-2,554728,1880,1175,705,383,338.9048326386986,211.81552039918665,127.08931223951198,69.04284622373487,285.25,167.51,117.74000000000001,69.24
Rhode Island,44,40,2013,2014,2014,0,-1,556756,2012,1269,743,424,361.3791319716357,227.92749427038055,133.45163770125515,76.1554433180783,303.68,179.83,123.85,76.03
Rhode Island,44,40,2014,2014,2014,1,0,559044,1984,1253,731,424,354.8915648857693,224.1326264122323,130.75893847353697,75.84376185058778,299.28,177.17,122.10999999999999,75.46
Rhode Island,44,40,2015,2014,2014,1,1,560300,2050,1233,817,454,365.87542388006426,220.06068177761912,145.8147421024451,81.02802070319471,305.36,171.08,134.28,80.22
Rhode Island,44,40,2016,2014,2014,1,2,559705,2079,1222,857,494,371.44567227378707,218.3292984697296,153.1163738040575,88.26078023244388,313.06,170.55,142.51,88.54
Rhode Island,44,40,2017,2014,2014,1,3,560616,2049,1196,853,495,365.4908172438889,213.33675813747735,152.15405910641152,88.29573183783552,309.08,165.32,143.76,90.42
Rhode Island,44,40,2018,2014,2014,1,4,558945,1935,1102,833,462,346.1879075758796,197.15714426285234,149.03076331302722,82.65571746772937,289.89,148.93,140.95999999999998,84.28
Rhode Island,44,40,2019,2014,2014,1,5,558269,2013,1157,856,498,360.5788607284302,207.24776048822343,153.33110024020678,89.20430831731656,310.14,163.82,146.32,90.65
South Carolina,45,41,2010,0,0,0,NA,2436571,12027,7762,4265,2009,493.6035108355143,318.56243877153594,175.04107206397845,82.45193757949183,428.4,264.27,164.13,83.07
South Carolina,45,41,2011,0,0,0,NA,2459362,11901,7726,4175,2005,483.9059886263185,314.1465144212198,169.7594742050987,81.5252085703528,417.88,259.41,158.46999999999997,82.07
South Carolina,45,41,2012,0,0,0,NA,2463763,11990,7710,4280,2072,486.65395169908794,312.93594391993065,173.71800777915735,84.09899815850794,417.19,255.96,161.23,83.84
South Carolina,45,41,2013,0,0,0,NA,2479217,12189,7843,4346,1991,491.6471611803243,316.3498798209273,175.29728135939692,80.30761325047384,420.86,258.47,162.39,80.18
South Carolina,45,41,2014,0,0,0,NA,2503893,12544,7995,4549,2115,500.9798741399892,319.30278170832383,181.67709243166541,84.46846570520385,427.52,261.18,166.33999999999997,83.5
South Carolina,45,41,2015,0,0,0,NA,2532639,12922,7975,4947,2410,510.21878759665316,314.88893600706615,195.32985158958698,95.15765965856168,437.72,255.66,182.06000000000003,95.45
South Carolina,45,41,2016,0,0,0,NA,2564730,13221,8049,5172,2572,515.4928588974278,313.83420477009275,201.658654127335,100.28346063718207,441.9,254.24,187.65999999999997,100.95
South Carolina,45,41,2017,0,0,0,NA,2587330,13514,8116,5398,2730,522.3145095523184,313.6824448369555,208.63206471536293,105.51417870932583,445.97,251.37,194.60000000000002,106.47
South Carolina,45,41,2018,0,0,0,NA,2610044,13469,7986,5483,2754,516.0449402385553,305.97185334806613,210.07308689048918,105.51546257457728,441.33,245.91,195.42,106.46
South Carolina,45,41,2019,0,0,0,NA,2633109,13433,7800,5633,2864,510.157384293624,296.22776725156456,213.9296170420594,108.76875966775398,438.12,237.53,200.59,110.71
South Dakota,46,42,2010,0,0,0,NA,413263,1433,891,542,287,346.7525522488101,215.6012031079482,131.15134914086187,69.44730111333462,301.1,175.54,125.56000000000003,69.83
South Dakota,46,42,2011,0,0,0,NA,419259,1465,917,548,285,349.42601112915884,218.7192165224837,130.70679460667512,67.97707383741314,302.4,179.39,123.00999999999999,66.8
South Dakota,46,42,2012,0,0,0,NA,423390,1520,931,589,296,359.0070620468126,219.89182550367272,139.1152365431399,69.91190155648457,310.87,178.33,132.54,70.24
South Dakota,46,42,2013,0,0,0,NA,425758,1503,916,587,289,353.01744183315407,215.14569309325958,137.87174873989449,67.87893592134499,305.98,174.97,131.01000000000002,70.18
South Dakota,46,42,2014,0,0,0,NA,426867,1652,1002,650,320,387.00578868827995,234.73353526976786,152.2722534185121,74.96480168295979,337.54,189.72,147.82000000000002,75.4
South Dakota,46,42,2015,0,0,0,NA,428051,1638,1005,633,334,382.6646824794242,234.7851073820643,147.8795750973599,78.02808543841738,330.83,187.91,142.92,78.46
South Dakota,46,42,2016,0,0,0,NA,428757,1665,964,701,331,388.33185230795067,224.83597935427295,163.49587295367772,77.19990577413313,333.46,178.43,155.02999999999997,79.58
South Dakota,46,42,2017,0,0,0,NA,430383,1728,1025,703,377,401.50284746377065,238.15996449673898,163.3428829670317,87.59639669782497,347.87,189.96,157.91,87.86
South Dakota,46,42,2018,0,0,0,NA,434346,1692,994,698,310,389.55118730228895,228.84981098018628,160.70137632210265,71.37167143245246,333.66,184.12,149.54000000000002,70.56
South Dakota,46,42,2019,0,0,0,NA,433291,1774,1048,726,371,409.4246130198874,241.86978266338326,167.55483035650406,85.62374939705649,354.28,194.99,159.28999999999996,85.15
Tennessee,47,43,2010,0,0,0,NA,3390278,16849,11122,5727,3021,496.97989368423475,328.05569336791854,168.92420031631625,89.10773688765346,437.83,277.43,160.39999999999998,89.47
Tennessee,47,43,2011,0,0,0,NA,3417653,17429,11379,6050,3020,509.9698535808053,332.9477860976524,177.0220674831529,88.36473451225154,444.29,277.21,167.08000000000004,88.95
Tennessee,47,43,2012,0,0,0,NA,3419492,17525,11443,6082,2985,512.5030267653791,334.64035008708896,177.86267667829023,87.2936681822914,445,277.97,167.02999999999997,87.47
Tennessee,47,43,2013,0,0,0,NA,3422095,17662,11454,6208,3066,516.1165893991839,334.70724804542243,181.40934135376136,89.59423978586216,446.38,275.87,170.51,89.53
Tennessee,47,43,2014,0,0,0,NA,3437470,18238,11861,6377,3097,530.5646303822289,345.05028407520643,185.51434630702232,90.095331741077,458.98,285.11,173.87,90.34
Tennessee,47,43,2015,0,0,0,NA,3459568,18531,11955,6576,3297,535.644912890858,345.56337669905605,190.08153619180197,95.30091618375474,461.56,283.01,178.55,95.56
Tennessee,47,43,2016,0,0,0,NA,3484480,18845,11789,7056,3679,540.8267517678391,338.32881807328494,202.49793369455415,105.58246854623931,467.27,276.91,190.35999999999996,105.75
Tennessee,47,43,2017,0,0,0,NA,3519207,19282,11848,7434,3788,547.9075257579335,336.6667547546933,211.24077100324018,107.63788546681113,474.18,274.88,199.3,108.2
Tennessee,47,43,2018,0,0,0,NA,3540303,19718,12082,7636,3927,556.957977890593,341.27022461071834,215.68775327987464,110.92270915794495,482.64,279.59,203.05,111.83
Tennessee,47,43,2019,0,0,0,NA,3563290,19770,11919,7851,4230,554.8243336916165,334.4942454866149,220.33008820500154,118.71051752734131,481.97,273.04,208.93,119.86
Texas,48,44,2010,0,0,0,NA,13104882,46883,30691,16192,7967,357.7521720531326,234.19516482483397,123.55700722829859,60.7941376351195,335.84,216.16,119.67999999999998,60.56
Texas,48,44,2011,0,0,0,NA,13377616,47969,31176,16793,8151,358.57659541131994,233.04600759956034,125.53058781175957,60.93013882294125,333,212.08,120.91999999999999,60.58
Texas,48,44,2012,0,0,0,NA,13551245,48880,31513,17367,8282,360.7048651249387,232.54689882737713,128.1579662975616,61.1161557480512,334.02,210.89,123.13,60.79
Texas,48,44,2013,0,0,0,NA,13726277,49900,31905,17995,8439,363.53630339821933,232.43738997836047,131.09891341985886,61.480618524600665,335.83,210.05,125.77999999999997,61.02
Texas,48,44,2014,0,0,0,NA,13994581,51604,33014,18590,8787,368.7427297751894,235.90559803112365,132.8371317440658,62.78858938327628,339.69,212.57,127.12,62.29
Texas,48,44,2015,0,0,0,NA,14260522,52128,32957,19171,9107,365.5406162551413,231.10654715164003,134.43406910350126,63.861617407834025,335.74,207.07,128.67000000000002,63.41
Texas,48,44,2016,0,0,0,NA,14447047,52996,33287,19709,9652,366.8292904425382,230.40694752360116,136.422342918937,66.80950093122837,335.57,205.29,130.28,66.3
Texas,48,44,2017,0,0,0,NA,14697418,54147,33821,20326,9898,368.4116489032291,230.11524881445163,138.29640008877752,67.34516225911246,337.4,205.47,131.92999999999998,66.73
Texas,48,44,2018,0,0,0,NA,14905347,54554,34065,20489,9855,366.0028847365982,228.5421466538149,137.4607380827833,66.1172128364405,334.7,203.45,131.25,65.6
Texas,48,44,2019,0,0,0,NA,15048542,54141,33334,20807,10154,359.7757178070806,221.50983131787785,138.26588648920276,67.47497531654562,329.88,197.47,132.41,67.04
Utah,49,45,2010,0,0,0,NA,1325367,3688,1941,1747,997,278.2625491656273,146.45000215034779,131.81254701527953,75.22444726630435,280.33,146.99,133.33999999999997,75.45
Utah,49,45,2011,0,0,0,NA,1350506,3837,2010,1827,1058,284.11573143695773,148.8331040365611,135.2826274003966,78.34100700033913,283.74,147.47,136.27,79.16
Utah,49,45,2012,0,0,0,NA,1368909,3947,1985,1962,1198,288.33180291750585,145.00598651919157,143.3258163983143,87.51494803526019,287.08,142.54,144.54,89.24
Utah,49,45,2013,0,0,0,NA,1388336,3999,2004,1995,1178,288.04266402369456,144.34546104113124,143.69720298256328,84.84977699922786,282.6,139.62,142.98000000000002,85.08
Utah,49,45,2014,0,0,0,NA,1410139,4198,2132,2066,1195,297.7011486101725,151.19076913694326,146.51037947322922,84.74341891118536,293.93,147,146.93,86.35
Utah,49,45,2015,0,0,0,NA,1435234,4354,2122,2232,1308,303.3651655409501,147.8504550477483,155.51471049320182,91.13496475139245,295.91,140.78,155.13000000000002,91.77
Utah,49,45,2016,0,0,0,NA,1464997,4478,2207,2271,1297,305.6661549477576,150.6487726596027,155.01738228815486,88.53260450362697,298.36,144.6,153.76000000000002,88.84
Utah,49,45,2017,0,0,0,NA,1493901,4448,2266,2182,1317,297.7439602758148,151.6834114174902,146.0605488583246,88.15845226691728,291.46,145.76,145.7,88.21
Utah,49,45,2018,0,0,0,NA,1521855,4413,2197,2216,1287,289.9750633273209,144.36329348065354,145.61176984666739,84.56784647683254,284.29,138.74,145.55,85.66
Utah,49,45,2019,0,0,0,NA,1546823,4377,2187,2190,1267,282.96708802493885,141.38657105564116,141.58051696929772,81.909824200959,277.2,136.86,140.33999999999997,82.18
Vermont,50,46,2010,2014,2014,0,-4,340557,1111,716,395,191,326.2302639499408,210.24380646998887,115.98645747995197,56.084590832078035,260.31,156.29,104.02000000000001,54.37
Vermont,50,46,2011,2014,2014,0,-3,340108,1194,749,445,225,351.0649558375575,220.22416408905406,130.84079174850342,66.15545650205229,283.96,167.52,116.43999999999997,64.59
Vermont,50,46,2012,2014,2014,0,-2,337293,1116,726,390,205,330.8696000213464,215.24312689560708,115.62647312573934,60.77801792506812,261.81,156.9,104.91,61.01
Vermont,50,46,2013,2014,2014,0,-1,334504,1145,703,442,229,342.2978499509722,210.16191136727812,132.13593858369407,68.45956999019444,276.82,156.24,120.57999999999998,69.23
Vermont,50,46,2014,2014,2014,1,0,331232,1127,731,396,208,340.2449038740218,220.69123756158828,119.55366631243359,62.7958651338035,271.6,162.71,108.89000000000001,63.81
Vermont,50,46,2015,2014,2014,1,1,328298,1230,765,465,230,374.6596080390377,233.02000012184052,141.63960791719717,70.05830069022656,294.42,166.96,127.46000000000001,69.95
Vermont,50,46,2016,2014,2014,1,2,325391,1250,759,491,275,384.15321874298917,233.25783442074305,150.89538432224617,84.51370812345763,309.43,167.78,141.65,88.79
Vermont,50,46,2017,2014,2014,1,3,323110,1244,742,502,283,385.0082015412708,229.64315558169045,155.36504595958033,87.58627092940485,312.16,165.15,147.01000000000002,93.22
Vermont,50,46,2018,2014,2014,1,4,321900,1239,706,533,325,384.90214352283317,219.32277104690897,165.5793724759242,100.96303199751476,318.44,159.88,158.56,105.8
Vermont,50,46,2019,2014,2014,1,5,319105,1250,757,493,263,391.72059353504335,237.22599144482223,154.4946020902211,82.41801287977312,317.78,174.31,143.46999999999997,85.27
Virginia,51,47,2010,2019,2019,0,-9,4368311,14766,9874,4892,2184,338.02538326598085,226.0370198001012,111.98836346587962,49.99644027176637,300.64,194.72,105.91999999999999,50.21
Virginia,51,47,2011,2019,2019,0,-8,4417927,15098,10092,5006,2357,341.7439898848487,228.43292793203693,113.31106195281181,53.35081362820164,300.84,194.44,106.39999999999998,53.24
Virginia,51,47,2012,2019,2019,0,-7,4443432,15082,9949,5133,2405,339.42232040458816,223.9035052184888,115.5188151860994,54.12482963619113,299.08,191.17,107.91,53.8
Virginia,51,47,2013,2019,2019,0,-6,4461282,15315,10060,5255,2446,343.28697446160095,225.49572073677476,117.79125372482619,54.8272895548858,300.65,190.69,109.95999999999998,54.74
Virginia,51,47,2014,2019,2019,0,-5,4480907,15720,10253,5467,2623,350.82183138369084,228.8152822631668,122.00654912052403,58.53725596179524,306.96,193.28,113.67999999999998,58.01
Virginia,51,47,2015,2019,2019,0,-4,4501210,16053,10303,5750,2744,356.63743748903073,228.89400849993666,127.74342898909406,60.96138593844766,310.61,191.6,119.01000000000002,60.74
Virginia,51,47,2016,2019,2019,0,-3,4500734,16460,10388,6072,3091,365.71812508804123,230.80679729128627,134.91132779675493,68.6776867950872,317.64,191.32,126.32,68.73
Virginia,51,47,2017,2019,2019,0,-2,4524481,16778,10374,6404,3247,370.8270628167076,229.285966721929,141.54109609477862,71.76513726104719,320.42,188.66,131.76000000000002,71.49
Virginia,51,47,2018,2019,2019,0,-1,4527445,16694,10427,6267,3241,368.72894093688603,230.3064973732425,138.42244356364353,71.58562942233422,319.56,190.26,129.3,71.85
Virginia,51,47,2019,2019,2019,1,0,4517568,16458,10125,6333,3214,364.31106294360154,224.1250159377789,140.18604700582262,71.14447419496508,314.33,183.91,130.42,71.21
Washington,53,48,2010,2014,2014,0,-4,3665456,11502,7360,4142,2178,313.7945183355086,200.79357111366224,113.00094722184635,59.41961927792886,275.94,169.65,106.28999999999999,58.98
Washington,53,48,2011,2014,2014,0,-3,3717667,11813,7407,4406,2332,317.75304243225656,199.23785535390877,118.51518707834778,62.72751163565753,276.69,166.26,110.43,61.69
Washington,53,48,2012,2014,2014,0,-2,3735749,11801,7313,4488,2331,315.89381406513127,195.75726313518388,120.13655092994738,62.397125716957966,275.08,163.11,111.96999999999997,61.5
Washington,53,48,2013,2014,2014,0,-1,3758089,12027,7400,4627,2313,320.02967465645435,196.9085883809564,123.121086275498,61.54723850339893,277.86,163.3,114.56,60.63
Washington,53,48,2014,2014,2014,1,0,3797484,12387,7615,4772,2451,326.18965609861687,200.52750716000384,125.66214893861304,64.54273408393557,283.18,166.22,116.96000000000001,63.57
Washington,53,48,2015,2014,2014,1,1,3856093,12606,7559,5047,2574,326.9112026084433,196.02742983636546,130.88377277207786,66.75150210329471,284.95,161.85,123.1,66.22
Washington,53,48,2016,2014,2014,1,2,3916245,12506,7416,5090,2553,319.3365072920617,189.36506781368377,129.97143947837787,65.18999705074631,279.11,158.13,120.98000000000002,63.94
Washington,53,48,2017,2014,2014,1,3,3992016,13022,7641,5381,2824,326.2010973903912,191.40704846874362,134.7940489216476,70.74119943407041,287.12,160.78,126.34,69.87
Washington,53,48,2018,2014,2014,1,4,4050628,12913,7530,5383,2726,318.79007403296475,185.89710040023422,132.89297363273053,67.2982065990755,282.33,157.31,125.01999999999998,66.14
Washington,53,48,2019,2014,2014,1,5,4083601,13012,7477,5535,2822,318.6403372905433,183.09820180766926,135.54213548287407,69.10567413417716,284.47,156.59,127.88000000000002,68.22
West Virginia,54,49,2010,2014,2014,0,-4,999173,5502,3429,2073,1075,550.6553920091916,343.18381301336206,207.47157899582953,107.58897608322083,461.83,266.23,195.59999999999997,111.22
West Virginia,54,49,2011,2014,2014,0,-3,998103,5813,3539,2274,1228,582.4048219472339,354.57262426823684,227.8321976789971,123.03339434908021,493.14,275.92,217.21999999999997,129.7
West Virginia,54,49,2012,2014,2014,0,-2,988284,5800,3501,2299,1239,586.875837309923,354.25039765897253,232.6254396509505,125.36882110810252,491.98,272.02,219.96000000000004,130.95
West Virginia,54,49,2013,2014,2014,0,-1,980669,5739,3491,2248,1175,585.2127476243259,355.9814779502564,229.23126967406947,119.8161663109571,488.96,276.09,212.87,123.15
West Virginia,54,49,2014,2014,2014,1,0,971058,5822,3569,2253,1170,599.5522409578007,367.53726347962737,232.01497747817328,120.48713877028973,499.33,283.12,216.20999999999998,124.32
West Virginia,54,49,2015,2014,2014,1,1,962650,6010,3553,2457,1281,624.3182880590039,369.0853373500234,255.2329507089804,133.07017088245988,518.28,279.92,238.35999999999996,137.13
West Virginia,54,49,2016,2014,2014,1,2,950882,6186,3613,2573,1462,650.5539067939029,379.96302380316376,270.59088299073915,153.75199025746625,548.7,291.11,257.59000000000003,160.88
West Virginia,54,49,2017,2014,2014,1,3,935935,6301,3504,2797,1618,673.2305128027053,374.3849733154546,298.84553948725073,172.87525308915684,567.89,283.59,284.3,180.1
West Virginia,54,49,2018,2014,2014,1,4,924945,6205,3632,2573,1444,670.850699230765,392.6719967133181,278.178702517447,156.11739076377515,562.73,299.13,263.6,162.64
West Virginia,54,49,2019,2014,2014,1,5,911783,6117,3590,2527,1427,670.883313244489,393.7340354009672,277.149277843522,156.50653719141505,565.12,299.84,265.28000000000003,164.06
Wisconsin,55,50,2010,0,0,0,NA,3020924,9773,6326,3447,1791,323.5102902290823,209.40612872088144,114.1041615082008,59.2864964494307,278.86,172.74,106.12,58.62
Wisconsin,55,50,2011,0,0,0,NA,3037475,10240,6633,3607,1843,337.1221162314093,218.37216767216194,118.7499485592474,60.67539650532103,285.91,175.79,110.12000000000003,60.26
Wisconsin,55,50,2012,0,0,0,NA,3030272,10152,6436,3716,1860,335.01943059896934,212.3901748753907,122.62925572357861,61.38062853763623,284.06,170.04,114.02000000000001,61.39
Wisconsin,55,50,2013,0,0,0,NA,3025987,10490,6627,3863,2041,346.6637497120774,219.00292367415986,127.66082603791754,67.44906703168255,292.13,173.44,118.69,67.58
Wisconsin,55,50,2014,0,0,0,NA,3018183,10460,6608,3852,1968,346.5661293566361,218.93967330675443,127.62645604988167,65.20479374511088,289.25,172.29,116.96000000000001,64.81
Wisconsin,55,50,2015,0,0,0,NA,3011208,10611,6495,4116,2174,352.3834952617023,215.69416659360627,136.68932866809598,72.19693890292534,293.65,167.76,125.88999999999999,71.84
Wisconsin,55,50,2016,0,0,0,NA,3000736,11019,6615,4404,2296,367.20991116846,220.44591726829682,146.76399390016317,76.51456176084801,306.27,169.96,136.30999999999997,78.07
Wisconsin,55,50,2017,0,0,0,NA,3001069,10950,6436,4514,2499,364.869984662132,214.45691518588876,150.4130694762433,83.2703280064537,305.59,166.16,139.42999999999998,83.88
Wisconsin,55,50,2018,0,0,0,NA,3000227,10945,6448,4497,2401,364.80572969978607,214.91707127494018,149.88865842484586,80.02727793596951,303.6,165.88,137.72000000000003,79.67
Wisconsin,55,50,2019,0,0,0,NA,2992524,11015,6398,4617,2414,368.083931824774,213.79945490829817,154.28447691647585,80.66769055152105,307.77,165.67,142.1,80.48
Wyoming,56,51,2010,0,0,0,NA,301705,1226,693,533,304,406.35720322831907,229.69456919838916,176.6626340299299,100.76067682007258,353.44,189.05,164.39,97.79
Wyoming,56,51,2011,0,0,0,NA,303725,1182,651,531,273,389.16783274343567,214.33862869371964,174.82920404971603,89.88394106510823,340.18,173.72,166.46,92.11
Wyoming,56,51,2012,0,0,0,NA,307270,1213,635,578,323,394.7668174569597,206.6586389820028,188.1081784749569,105.11927620659355,345.51,165.82,179.69,106.01
Wyoming,56,51,2013,0,0,0,NA,307724,1206,645,561,304,391.90963330776935,209.60341084868259,182.3062224590867,98.78982464806124,340.71,168.26,172.45,99.22
Wyoming,56,51,2014,0,0,0,NA,306746,1252,664,588,322,408.1552815684638,216.46574038455267,191.68954118391113,104.97284398166562,356.81,174.94,181.87,105.89
Wyoming,56,51,2015,0,0,0,NA,305999,1290,660,630,340,421.5700051307357,215.68697936921365,205.8830257615221,111.111474220504,371.2,174.4,196.79999999999998,112.18
Wyoming,56,51,2016,0,0,0,NA,303600,1236,654,582,318,407.1146245059288,215.41501976284584,191.699604743083,104.74308300395256,353.74,169.66,184.08,107.89
Wyoming,56,51,2017,0,0,0,NA,298686,1224,647,577,311,409.79490166931157,216.615442303958,193.17945936535358,104.12272419865677,350.74,172.28,178.46,104
Wyoming,56,51,2018,0,0,0,NA,295220,1215,676,539,284,411.5574825553824,228.98177630241855,182.5757062529639,96.19944448208116,357.9,182.65,175.24999999999997,96.23
Wyoming,56,51,2019,0,0,0,NA,293325,1233,622,611,313,420.35285093326513,212.05147873519132,208.3013721980738,106.70757691979885,366.06,169,197.06,107.76
