"Notes","State","State Code","Year","Year Code",Deaths,Population,Crude Rate,Crude Rate Lower 95% Confidence Interval,Crude Rate Upper 95% Confidence Interval,Crude Rate Standard Error,Age Adjusted Rate,Age Adjusted Rate Lower 95% Confidence Interval,Age Adjusted Rate Upper 95% Confidence Interval,Age Adjusted Rate Standard Error
,"Alabama","01","2010","2010",13423,2510310,534.71,525.67,543.76,4.62,468.47,460.37,476.58,4.14
,"Alabama","01","2011","2011",13770,2518131,546.83,537.70,555.97,4.66,473.48,465.35,481.60,4.15
,"Alabama","01","2012","2012",13879,2513296,552.22,543.04,561.41,4.69,479.08,470.88,487.29,4.19
,"Alabama","01","2013","2013",14086,2515357,560.00,550.75,569.25,4.72,483.25,475.03,491.48,4.20
,"Alabama","01","2014","2014",14091,2518038,559.60,550.36,568.84,4.71,482.23,474.00,490.45,4.20
,"Alabama","01","2015","2015",14487,2522661,574.27,564.92,583.63,4.77,493.87,485.55,502.19,4.25
,"Alabama","01","2016","2016",14652,2522310,580.90,571.49,590.30,4.80,501.92,493.49,510.36,4.30
,"Alabama","01","2017","2017",14663,2519274,582.03,572.61,591.45,4.81,497.40,489.02,505.77,4.27
,"Alabama","01","2018","2018",14660,2518479,582.10,572.67,591.52,4.81,498.29,489.88,506.69,4.29
,"Alabama","01","2019","2019",14342,2514818,570.30,560.97,579.63,4.76,488.55,480.21,496.89,4.26
"Total","Alabama","01",,,142053,25172674,564.31,561.38,567.25,1.50,486.85,484.23,489.47,1.34
,"Alaska","02","2010","2010",1425,393034,362.56,343.74,381.39,9.60,331.08,313.55,348.60,8.94
,"Alaska","02","2011","2011",1530,399328,383.14,363.94,402.34,9.80,346.19,328.41,363.97,9.07
,"Alaska","02","2012","2012",1538,402185,382.41,363.30,401.52,9.75,345.50,327.79,363.20,9.03
,"Alaska","02","2013","2013",1576,398584,395.40,375.88,414.92,9.96,356.70,338.57,374.83,9.25
,"Alaska","02","2014","2014",1585,399009,397.23,377.68,416.79,9.98,361.57,343.23,379.91,9.36
,"Alaska","02","2015","2015",1615,398706,405.06,385.30,424.82,10.08,369.83,351.21,388.46,9.50
,"Alaska","02","2016","2016",1671,402087,415.58,395.66,435.51,10.17,379.32,360.53,398.12,9.59
,"Alaska","02","2017","2017",1617,400078,404.17,384.47,423.87,10.05,370.81,352.13,389.49,9.53
,"Alaska","02","2018","2018",1566,396234,395.22,375.65,414.80,9.99,364.06,345.42,382.71,9.51
,"Alaska","02","2019","2019",1573,391822,401.46,381.62,421.30,10.12,369.42,350.54,388.30,9.63
"Total","Alaska","02",,,15696,3981067,394.27,388.10,400.43,3.15,359.81,354.02,365.60,2.95
,"Arizona","04","2010","2010",11884,3247961,365.89,359.31,372.47,3.36,329.82,323.79,335.85,3.08
,"Arizona","04","2011","2011",12107,3291051,367.88,361.32,374.43,3.34,329.63,323.63,335.63,3.06
,"Arizona","04","2012","2012",12470,3307877,376.98,370.36,383.60,3.38,336.33,330.29,342.36,3.08
,"Arizona","04","2013","2013",12772,3324670,384.16,377.50,390.82,3.40,342.96,336.87,349.05,3.11
,"Arizona","04","2014","2014",12797,3367755,379.99,373.40,386.57,3.36,338.09,332.08,344.09,3.06
,"Arizona","04","2015","2015",13348,3412727,391.12,384.49,397.76,3.39,346.78,340.74,352.82,3.08
,"Arizona","04","2016","2016",13885,3456387,401.72,395.04,408.40,3.41,355.35,349.27,361.43,3.10
,"Arizona","04","2017","2017",13808,3508591,393.55,386.98,400.11,3.35,350.39,344.37,356.41,3.07
,"Arizona","04","2018","2018",14108,3583343,393.71,387.21,400.21,3.31,349.77,343.83,355.72,3.03
,"Arizona","04","2019","2019",14290,3636004,393.01,386.57,399.46,3.29,351.50,345.55,357.44,3.03
"Total","Arizona","04",,,131469,34136366,385.13,383.05,387.21,1.06,343.40,341.50,345.31,0.97
,"Arkansas","05","2010","2010",7652,1500357,510.01,498.58,521.44,5.83,449.55,439.24,459.85,5.26
,"Arkansas","05","2011","2011",7948,1512776,525.39,513.84,536.94,5.89,457.53,447.21,467.86,5.27
,"Arkansas","05","2012","2012",8007,1508968,530.63,519.00,542.25,5.93,461.41,451.03,471.80,5.30
,"Arkansas","05","2013","2013",8032,1506764,533.06,521.40,544.72,5.95,462.07,451.67,472.47,5.31
,"Arkansas","05","2014","2014",8219,1506595,545.53,533.74,557.33,6.02,475.16,464.57,485.74,5.40
,"Arkansas","05","2015","2015",8358,1511614,552.92,541.06,564.77,6.05,479.48,468.87,490.09,5.41
,"Arkansas","05","2016","2016",8504,1514723,561.42,549.49,573.36,6.09,485.10,474.43,495.76,5.44
,"Arkansas","05","2017","2017",8560,1518247,563.81,551.86,575.75,6.09,486.83,476.15,497.51,5.45
,"Arkansas","05","2018","2018",8317,1518240,547.81,536.03,559.58,6.01,471.88,461.37,482.39,5.36
,"Arkansas","05","2019","2019",8303,1514707,548.16,536.37,559.95,6.02,469.43,458.95,479.92,5.35
"Total","Arkansas","05",,,81900,15112991,541.92,538.21,545.63,1.89,470.13,466.81,473.45,1.69
,"California","06","2010","2010",57367,19789451,289.89,287.51,292.26,1.21,267.28,265.08,269.49,1.13
,"California","06","2011","2011",59011,20046532,294.37,292.00,296.75,1.21,268.94,266.74,271.13,1.12
,"California","06","2012","2012",59423,20179883,294.47,292.10,296.83,1.21,267.74,265.56,269.92,1.11
,"California","06","2013","2013",59715,20356297,293.35,291.00,295.70,1.20,265.98,263.81,268.14,1.10
,"California","06","2014","2014",60349,20661868,292.08,289.75,294.41,1.19,263.87,261.73,266.01,1.09
,"California","06","2015","2015",61719,20900046,295.31,292.98,297.64,1.19,266.22,264.08,268.36,1.09
,"California","06","2016","2016",62779,20961732,299.49,297.15,301.84,1.20,269.40,267.25,271.55,1.10
,"California","06","2017","2017",62305,21172207,294.28,291.97,296.59,1.18,264.88,262.76,267.01,1.08
,"California","06","2018","2018",62435,21152670,295.16,292.85,297.48,1.18,266.16,264.02,268.29,1.09
,"California","06","2019","2019",62710,21101432,297.18,294.86,299.51,1.19,268.77,266.61,270.92,1.10
"Total","California","06",,,607813,206322118,294.59,293.85,295.33,0.38,267.00,266.32,267.68,0.35
,"Colorado","08","2010","2010",8296,2766264,299.90,293.45,306.35,3.29,271.75,265.82,277.68,3.03
,"Colorado","08","2011","2011",8824,2810124,314.01,307.46,320.56,3.34,282.93,276.92,288.94,3.07
,"Colorado","08","2012","2012",8832,2836313,311.39,304.90,317.88,3.31,280.16,274.20,286.12,3.04
,"Colorado","08","2013","2013",8772,2867753,305.88,299.48,312.29,3.27,274.95,269.07,280.82,3.00
,"Colorado","08","2014","2014",9122,2906081,313.89,307.45,320.34,3.29,282.86,276.92,288.80,3.03
,"Colorado","08","2015","2015",9266,2956802,313.38,307.00,319.76,3.26,281.23,275.36,287.09,2.99
,"Colorado","08","2016","2016",9695,3001518,323.00,316.57,329.43,3.28,291.67,285.72,297.63,3.04
,"Colorado","08","2017","2017",9711,3052049,318.18,311.85,324.51,3.23,288.00,282.12,293.87,3.00
,"Colorado","08","2018","2018",9704,3095272,313.51,307.27,319.75,3.18,286.44,280.59,292.28,2.98
,"Colorado","08","2019","2019",9941,3130588,317.54,311.30,323.79,3.18,290.99,285.12,296.85,2.99
"Total","Colorado","08",,,92163,29422764,313.24,311.21,315.26,1.03,283.47,281.60,285.34,0.95
,"Connecticut","09","2010","2010",5765,1923864,299.66,291.92,307.39,3.95,257.65,250.85,264.45,3.47
,"Connecticut","09","2011","2011",5788,1930902,299.76,292.03,307.48,3.94,253.72,247.01,260.43,3.42
,"Connecticut","09","2012","2012",5901,1927009,306.23,298.41,314.04,3.99,259.23,252.42,266.04,3.47
,"Connecticut","09","2013","2013",5932,1920952,308.81,300.95,316.66,4.01,260.00,253.16,266.83,3.49
,"Connecticut","09","2014","2014",5875,1915272,306.74,298.90,314.59,4.00,256.77,249.96,263.58,3.47
,"Connecticut","09","2015","2015",6127,1907806,321.15,313.11,329.20,4.10,267.37,260.39,274.34,3.56
,"Connecticut","09","2016","2016",6239,1893731,329.46,321.28,337.63,4.17,275.57,268.41,282.72,3.65
,"Connecticut","09","2017","2017",6302,1889765,333.48,325.25,341.71,4.20,280.89,273.61,288.17,3.71
,"Connecticut","09","2018","2018",6401,1875482,341.30,332.94,349.66,4.27,286.92,279.53,294.30,3.77
,"Connecticut","09","2019","2019",6493,1865530,348.05,339.59,356.52,4.32,292.54,285.06,300.03,3.82
"Total","Connecticut","09",,,60823,19050313,319.28,316.74,321.81,1.29,268.93,266.71,271.15,1.13
,"Delaware","10","2010","2010",1953,471987,413.78,395.43,432.13,9.36,360.80,344.43,377.18,8.35
,"Delaware","10","2011","2011",1946,477333,407.68,389.57,425.80,9.24,351.45,335.39,367.52,8.20
,"Delaware","10","2012","2012",2008,477907,420.17,401.79,438.54,9.38,363.15,346.78,379.52,8.35
,"Delaware","10","2013","2013",2097,482572,434.55,415.95,453.15,9.49,368.48,352.17,384.79,8.32
,"Delaware","10","2014","2014",1988,487746,407.59,389.67,425.51,9.14,347.52,331.66,363.39,8.09
,"Delaware","10","2015","2015",2073,493133,420.37,402.28,438.47,9.23,358.77,342.67,374.86,8.21
,"Delaware","10","2016","2016",2112,495257,426.45,408.26,444.63,9.28,362.37,346.21,378.54,8.25
,"Delaware","10","2017","2017",2261,498353,453.69,434.99,472.40,9.54,385.79,369.11,402.46,8.51
,"Delaware","10","2018","2018",2244,498661,450.01,431.39,468.62,9.50,390.27,373.29,407.26,8.67
,"Delaware","10","2019","2019",2285,498792,458.11,439.32,476.89,9.58,396.92,379.75,414.09,8.76
"Total","Delaware","10",,,20967,4881741,429.50,423.68,435.31,2.97,368.99,363.80,374.18,2.65
,"District of Columbia","11","2010","2010",1533,345084,444.24,422.00,466.48,11.35,457.45,434.20,480.70,11.86
,"District of Columbia","11","2011","2011",1509,358268,421.19,399.94,442.44,10.84,433.61,411.33,455.90,11.37
,"District of Columbia","11","2012","2012",1442,368462,391.36,371.16,411.56,10.31,411.85,390.19,433.50,11.05
,"District of Columbia","11","2013","2013",1460,380571,383.63,363.96,403.31,10.04,405.70,384.51,426.89,10.81
,"District of Columbia","11","2014","2014",1550,388271,399.21,379.33,419.08,10.14,426.94,405.30,448.58,11.04
,"District of Columbia","11","2015","2015",1596,395466,403.57,383.77,423.37,10.10,425.82,404.55,447.10,10.85
,"District of Columbia","11","2016","2016",1684,401445,419.48,399.45,439.52,10.22,448.77,426.93,470.62,11.14
,"District of Columbia","11","2017","2017",1654,410982,402.45,383.06,421.85,9.90,441.37,419.65,463.08,11.08
,"District of Columbia","11","2018","2018",1653,415516,397.82,378.64,417.00,9.78,435.21,413.78,456.65,10.94
,"District of Columbia","11","2019","2019",1602,417672,383.55,364.77,402.34,9.58,424.74,403.48,446.00,10.85
"Total","District of Columbia","11",,,15683,3881737,404.02,397.70,410.34,3.23,431.29,424.42,438.17,3.51
,"Florida","12","2010","2010",39858,9799960,406.72,402.72,410.71,2.04,350.74,347.21,354.26,1.80
,"Florida","12","2011","2011",40046,9931303,403.23,399.28,407.18,2.01,344.69,341.22,348.17,1.77
,"Florida","12","2012","2012",40352,10014388,402.94,399.01,406.87,2.01,342.94,339.49,346.38,1.76
,"Florida","12","2013","2013",40445,10096320,400.59,396.69,404.50,1.99,339.59,336.18,343.01,1.74
,"Florida","12","2014","2014",41632,10264799,405.58,401.68,409.48,1.99,343.17,339.77,346.58,1.74
,"Florida","12","2015","2015",43083,10464952,411.69,407.80,415.58,1.98,348.82,345.41,352.23,1.74
,"Florida","12","2016","2016",45745,10631187,430.29,426.35,434.23,2.01,367.79,364.29,371.29,1.79
,"Florida","12","2017","2017",46391,10825994,428.51,424.62,432.41,1.99,364.57,361.12,368.02,1.76
,"Florida","12","2018","2018",46194,10957992,421.56,417.71,425.40,1.96,357.91,354.51,361.31,1.73
,"Florida","12","2019","2019",46330,11007703,420.89,417.05,424.72,1.96,358.12,354.72,361.52,1.74
"Total","Florida","12",,,430076,103994598,413.56,412.32,414.79,0.63,352.35,351.26,353.44,0.56
,"Georgia","13","2010","2010",21392,5193909,411.87,406.35,417.39,2.82,377.78,372.67,382.88,2.60
,"Georgia","13","2011","2011",21476,5252706,408.86,403.39,414.32,2.79,371.25,366.23,376.27,2.56
,"Georgia","13","2012","2012",21523,5273839,408.11,402.66,413.56,2.78,368.25,363.27,373.23,2.54
,"Georgia","13","2013","2013",22199,5289140,419.71,414.19,425.23,2.82,376.49,371.46,381.51,2.56
,"Georgia","13","2014","2014",22412,5330954,420.41,414.91,425.92,2.81,375.40,370.41,380.40,2.55
,"Georgia","13","2015","2015",22917,5388757,425.27,419.77,430.78,2.81,377.83,372.86,382.81,2.54
,"Georgia","13","2016","2016",23808,5438779,437.75,432.18,443.31,2.84,387.78,382.75,392.80,2.56
,"Georgia","13","2017","2017",23869,5503440,433.71,428.21,439.21,2.81,383.22,378.25,388.18,2.53
,"Georgia","13","2018","2018",23798,5542968,429.34,423.88,434.79,2.78,379.43,374.50,384.36,2.52
,"Georgia","13","2019","2019",23886,5581400,427.96,422.53,433.38,2.77,377.65,372.74,382.55,2.50
"Total","Georgia","13",,,227280,53795892,422.49,420.75,424.22,0.89,377.61,376.04,379.19,0.81
,"Hawaii","15","2010","2010",2304,731033,315.17,302.30,328.04,6.57,275.57,264.00,287.13,5.90
,"Hawaii","15","2011","2011",2392,735540,325.20,312.17,338.24,6.65,283.16,271.46,294.85,5.97
,"Hawaii","15","2012","2012",2415,741631,325.63,312.65,338.62,6.63,284.25,272.54,295.97,5.98
,"Hawaii","15","2013","2013",2356,740204,318.29,305.44,331.14,6.56,280.11,268.44,291.78,5.96
,"Hawaii","15","2014","2014",2507,744836,336.58,323.41,349.76,6.72,296.50,284.53,308.48,6.11
,"Hawaii","15","2015","2015",2438,747678,326.08,313.13,339.02,6.60,286.75,274.99,298.50,6.00
,"Hawaii","15","2016","2016",2410,747808,322.28,309.41,335.14,6.56,280.27,268.68,291.86,5.91
,"Hawaii","15","2017","2017",2485,744051,333.98,320.85,347.11,6.70,296.73,284.65,308.80,6.16
,"Hawaii","15","2018","2018",2407,734867,327.54,314.46,340.63,6.68,285.39,273.60,297.19,6.02
,"Hawaii","15","2019","2019",2520,728682,345.83,332.33,359.33,6.89,306.87,294.48,319.26,6.32
"Total","Hawaii","15",,,24234,7396330,327.65,323.52,331.77,2.10,287.56,283.83,291.30,1.91
,"Idaho","16","2010","2010",2579,789424,326.69,314.09,339.30,6.43,291.14,279.65,302.62,5.86
,"Idaho","16","2011","2011",2671,797559,334.90,322.20,347.60,6.48,294.66,283.19,306.13,5.85
,"Idaho","16","2012","2012",2642,799650,330.39,317.80,342.99,6.43,290.35,278.97,301.73,5.81
,"Idaho","16","2013","2013",2915,805536,361.87,348.73,375.01,6.70,315.47,303.68,327.25,6.01
,"Idaho","16","2014","2014",2835,813969,348.29,335.47,361.11,6.54,304.73,293.16,316.30,5.90
,"Idaho","16","2015","2015",2938,822675,357.13,344.21,370.04,6.59,310.63,299.02,322.23,5.92
,"Idaho","16","2016","2016",2963,834415,355.10,342.31,367.89,6.52,307.12,295.67,318.56,5.84
,"Idaho","16","2017","2017",3000,849456,353.17,340.53,365.81,6.45,307.23,295.86,318.60,5.80
,"Idaho","16","2018","2018",3017,866186,348.31,335.88,360.74,6.34,305.65,294.37,316.93,5.75
,"Idaho","16","2019","2019",2911,883788,329.38,317.41,341.34,6.10,288.09,277.27,298.91,5.52
"Total","Idaho","16",,,28471,8262658,344.57,340.57,348.58,2.04,301.66,298.05,305.27,1.84
,"Illinois","17","2010","2010",23443,6845933,342.44,338.05,346.82,2.24,307.36,303.38,311.35,2.03
,"Illinois","17","2011","2011",23674,6880302,344.08,339.70,348.47,2.24,305.36,301.40,309.32,2.02
,"Illinois","17","2012","2012",24062,6862106,350.65,346.22,355.08,2.26,308.81,304.83,312.78,2.03
,"Illinois","17","2013","2013",23889,6855616,348.46,344.04,352.88,2.25,304.47,300.53,308.42,2.01
,"Illinois","17","2014","2014",24283,6851413,354.42,349.97,358.88,2.27,307.87,303.90,311.83,2.02
,"Illinois","17","2015","2015",24680,6835197,361.07,356.57,365.58,2.30,311.71,307.72,315.71,2.04
,"Illinois","17","2016","2016",25215,6789655,371.37,366.79,375.96,2.34,321.63,317.54,325.72,2.09
,"Illinois","17","2017","2017",25208,6764337,372.66,368.06,377.26,2.35,321.90,317.80,326.00,2.09
,"Illinois","17","2018","2018",25746,6714543,383.44,378.75,388.12,2.39,330.57,326.39,334.74,2.13
,"Illinois","17","2019","2019",25142,6653303,377.89,373.22,382.56,2.38,328.05,323.85,332.24,2.14
"Total","Illinois","17",,,245342,68052405,360.52,359.09,361.95,0.73,314.80,313.53,316.08,0.65
,"Indiana","18","2010","2010",14101,3384086,416.69,409.81,423.56,3.51,364.43,358.30,370.55,3.13
,"Indiana","18","2011","2011",14652,3403591,430.49,423.52,437.46,3.56,373.70,367.51,379.90,3.16
,"Indiana","18","2012","2012",14726,3394229,433.85,426.85,440.86,3.58,375.70,369.48,381.93,3.17
,"Indiana","18","2013","2013",14972,3403429,439.91,432.86,446.96,3.60,378.54,372.31,384.78,3.18
,"Indiana","18","2014","2014",15322,3404101,450.10,442.98,457.23,3.64,387.07,380.75,393.39,3.22
,"Indiana","18","2015","2015",15602,3408353,457.76,450.57,464.94,3.66,391.82,385.47,398.17,3.24
,"Indiana","18","2016","2016",16129,3404784,473.72,466.40,481.03,3.73,407.10,400.59,413.60,3.32
,"Indiana","18","2017","2017",16500,3410645,483.78,476.40,491.16,3.77,418.44,411.82,425.06,3.38
,"Indiana","18","2018","2018",16193,3412750,474.49,467.18,481.79,3.73,407.17,400.66,413.68,3.32
,"Indiana","18","2019","2019",16083,3418757,470.43,463.16,477.70,3.71,405.31,398.81,411.82,3.32
"Total","Indiana","18",,,154280,34044725,453.17,450.91,455.43,1.15,391.10,389.09,393.11,1.03
,"Iowa","19","2010","2010",5377,1559607,344.77,335.55,353.98,4.70,295.43,287.32,303.54,4.14
,"Iowa","19","2011","2011",5440,1569551,346.60,337.39,355.81,4.70,293.86,285.79,301.93,4.12
,"Iowa","19","2012","2012",5550,1566638,354.26,344.94,363.58,4.76,298.49,290.36,306.62,4.15
,"Iowa","19","2013","2013",5643,1568189,359.84,350.45,369.23,4.79,302.46,294.27,310.65,4.18
,"Iowa","19","2014","2014",5636,1569386,359.12,349.75,368.50,4.78,298.97,290.86,307.08,4.14
,"Iowa","19","2015","2015",5658,1570047,360.37,350.98,369.76,4.79,299.02,290.90,307.14,4.14
,"Iowa","19","2016","2016",5901,1567650,376.42,366.82,386.03,4.90,314.75,306.36,323.14,4.28
,"Iowa","19","2017","2017",5908,1567169,376.99,367.37,386.60,4.90,314.33,305.96,322.71,4.27
,"Iowa","19","2018","2018",5836,1566518,372.55,362.99,382.10,4.88,310.32,302.00,318.64,4.25
,"Iowa","19","2019","2019",6124,1561570,392.17,382.35,401.99,5.01,326.68,318.12,335.24,4.37
"Total","Iowa","19",,,57073,15666325,364.30,361.31,367.29,1.52,305.65,303.05,308.26,1.33
,"Kansas","20","2010","2010",5462,1461904,373.62,363.71,383.53,5.06,328.35,319.47,337.24,4.53
,"Kansas","20","2011","2011",5615,1471460,381.59,371.61,391.57,5.09,333.07,324.13,342.01,4.56
,"Kansas","20","2012","2012",5618,1470390,382.08,372.08,392.07,5.10,333.30,324.34,342.27,4.57
,"Kansas","20","2013","2013",5566,1464527,380.05,370.07,390.04,5.09,329.73,320.81,338.66,4.55
,"Kansas","20","2014","2014",5724,1463761,391.05,380.92,401.18,5.17,335.87,326.89,344.86,4.58
,"Kansas","20","2015","2015",5914,1461437,404.67,394.36,414.98,5.26,347.95,338.76,357.13,4.69
,"Kansas","20","2016","2016",5863,1458212,402.07,391.78,412.36,5.25,342.27,333.17,351.37,4.64
,"Kansas","20","2017","2017",6038,1454753,415.05,404.58,425.52,5.34,353.57,344.30,362.85,4.73
,"Kansas","20","2018","2018",6004,1448568,414.48,403.99,424.96,5.35,352.32,343.05,361.60,4.73
,"Kansas","20","2019","2019",6020,1443417,417.07,406.53,427.60,5.38,354.70,345.37,364.03,4.76
"Total","Kansas","20",,,57824,14598429,396.10,392.87,399.33,1.65,341.45,338.58,344.33,1.47
,"Kentucky","21","2010","2010",11789,2324968,507.06,497.91,516.21,4.67,445.93,437.71,454.15,4.19
,"Kentucky","21","2011","2011",12020,2337210,514.29,505.09,523.48,4.69,449.73,441.48,457.98,4.21
,"Kentucky","21","2012","2012",12383,2323637,532.91,523.53,542.30,4.79,462.90,454.52,471.27,4.27
,"Kentucky","21","2013","2013",12111,2320105,522.00,512.71,531.30,4.74,448.76,440.53,456.99,4.20
,"Kentucky","21","2014","2014",12648,2316114,546.09,536.57,555.60,4.86,470.76,462.30,479.23,4.32
,"Kentucky","21","2015","2015",13237,2316881,571.33,561.60,581.06,4.97,490.41,481.77,499.04,4.41
,"Kentucky","21","2016","2016",13673,2315663,590.46,580.56,600.35,5.05,510.28,501.41,519.14,4.52
,"Kentucky","21","2017","2017",13679,2313885,591.17,581.26,601.08,5.05,511.68,502.78,520.58,4.54
,"Kentucky","21","2018","2018",13378,2311215,578.83,569.02,588.64,5.00,496.48,487.74,505.23,4.46
,"Kentucky","21","2019","2019",13395,2300284,582.32,572.46,592.18,5.03,498.53,489.74,507.32,4.48
"Total","Kentucky","21",,,128313,23179962,553.55,550.52,556.58,1.55,478.68,475.97,481.38,1.38
,"Louisiana","22","2010","2010",12058,2382969,506.01,496.98,515.04,4.61,453.83,445.56,462.11,4.22
,"Louisiana","22","2011","2011",11999,2407356,498.43,489.51,507.35,4.55,442.44,434.32,450.56,4.14
,"Louisiana","22","2012","2012",12355,2413029,512.01,502.98,521.04,4.61,453.92,445.70,462.14,4.20
,"Louisiana","22","2013","2013",12883,2425785,531.09,521.91,540.26,4.68,468.40,460.08,476.73,4.25
,"Louisiana","22","2014","2014",13129,2436696,538.80,529.59,548.02,4.70,474.00,465.65,482.36,4.26
,"Louisiana","22","2015","2015",13150,2447021,537.39,528.20,546.57,4.69,472.14,463.80,480.49,4.26
,"Louisiana","22","2016","2016",13216,2450741,539.27,530.07,548.46,4.69,475.06,466.67,483.44,4.28
,"Louisiana","22","2017","2017",13372,2443400,547.27,537.99,556.55,4.73,481.80,473.34,490.27,4.32
,"Louisiana","22","2018","2018",13071,2420280,540.06,530.80,549.32,4.72,473.89,465.46,482.33,4.30
,"Louisiana","22","2019","2019",13022,2401099,542.33,533.02,551.65,4.75,476.70,468.20,485.21,4.34
"Total","Louisiana","22",,,128255,24228376,529.36,526.46,532.26,1.48,467.65,465.01,470.28,1.35
,"Maine","23","2010","2010",2700,726676,371.55,357.54,385.57,7.15,297.30,285.61,308.99,5.96
,"Maine","23","2011","2011",2723,726805,374.65,360.58,388.73,7.18,300.09,288.22,311.96,6.06
,"Maine","23","2012","2012",2753,721205,381.72,367.46,395.98,7.28,303.35,291.40,315.30,6.10
,"Maine","23","2013","2013",2744,718164,382.09,367.79,396.38,7.29,304.10,292.04,316.16,6.15
,"Maine","23","2014","2014",2784,714983,389.38,374.92,403.84,7.38,310.45,298.21,322.69,6.24
,"Maine","23","2015","2015",2954,711658,415.09,400.12,430.06,7.64,332.96,320.17,345.75,6.53
,"Maine","23","2016","2016",3013,708799,425.09,409.91,440.26,7.74,344.60,331.42,357.77,6.72
,"Maine","23","2017","2017",3141,707397,444.02,428.49,459.55,7.92,358.72,345.28,372.16,6.86
,"Maine","23","2018","2018",3013,704877,427.45,412.19,442.71,7.79,344.39,331.19,357.59,6.73
,"Maine","23","2019","2019",3124,703173,444.27,428.69,459.85,7.95,362.21,348.58,375.85,6.96
"Total","Maine","23",,,28949,7143737,405.24,400.57,409.90,2.38,325.48,321.50,329.46,2.03
,"Maryland","24","2010","2010",11267,3155586,357.05,350.46,363.64,3.36,315.23,309.31,321.14,3.02
,"Maryland","24","2011","2011",11208,3190324,351.31,344.81,357.82,3.32,307.40,301.60,313.21,2.96
,"Maryland","24","2012","2012",11443,3210004,356.48,349.95,363.01,3.33,311.17,305.35,316.99,2.97
,"Maryland","24","2013","2013",11578,3225232,358.98,352.44,365.52,3.34,312.38,306.56,318.20,2.97
,"Maryland","24","2014","2014",11762,3241388,362.87,356.31,369.43,3.35,315.73,309.88,321.59,2.99
,"Maryland","24","2015","2015",12021,3254482,369.37,362.76,375.97,3.37,320.55,314.66,326.44,3.01
,"Maryland","24","2016","2016",12929,3244648,398.47,391.60,405.34,3.50,347.53,341.36,353.71,3.15
,"Maryland","24","2017","2017",13078,3259312,401.25,394.37,408.13,3.51,349.75,343.56,355.94,3.16
,"Maryland","24","2018","2018",13052,3240074,402.83,395.92,409.74,3.53,351.57,345.33,357.81,3.18
,"Maryland","24","2019","2019",13031,3225448,404.01,397.07,410.94,3.54,351.49,345.24,357.74,3.19
"Total","Maryland","24",,,121369,32246498,376.38,374.26,378.50,1.08,328.44,326.55,330.34,0.97
,"Massachusetts","25","2010","2010",10621,3548094,299.34,293.65,305.04,2.90,260.16,255.12,265.20,2.57
,"Massachusetts","25","2011","2011",10742,3581045,299.97,294.30,305.64,2.89,259.25,254.23,264.27,2.56
,"Massachusetts","25","2012","2012",10672,3600674,296.39,290.77,302.01,2.87,256.18,251.19,261.16,2.54
,"Massachusetts","25","2013","2013",10992,3618695,303.76,298.08,309.43,2.90,262.16,257.12,267.20,2.57
,"Massachusetts","25","2014","2014",11467,3640043,315.02,309.26,320.79,2.94,272.61,267.46,277.75,2.62
,"Massachusetts","25","2015","2015",11829,3661088,323.10,317.28,328.92,2.97,280.04,274.82,285.26,2.66
,"Massachusetts","25","2016","2016",12025,3655462,328.96,323.08,334.84,3.00,287.37,282.04,292.70,2.72
,"Massachusetts","25","2017","2017",12288,3680856,333.84,327.93,339.74,3.01,291.76,286.40,297.13,2.74
,"Massachusetts","25","2018","2018",12096,3694263,327.43,321.59,333.26,2.98,284.23,278.96,289.50,2.69
,"Massachusetts","25","2019","2019",12053,3679650,327.56,321.71,333.41,2.98,284.46,279.17,289.75,2.70
"Total","Massachusetts","25",,,114785,36359870,315.69,313.87,317.52,0.93,274.00,272.37,275.64,0.83
,"Michigan","26","2010","2010",21722,5204153,417.40,411.85,422.95,2.83,355.52,350.67,360.38,2.48
,"Michigan","26","2011","2011",22119,5198137,425.52,419.91,431.13,2.86,358.12,353.25,363.00,2.49
,"Michigan","26","2012","2012",21650,5175101,418.35,412.78,423.92,2.84,349.64,344.81,354.47,2.46
,"Michigan","26","2013","2013",22098,5157924,428.43,422.78,434.08,2.88,356.84,351.95,361.73,2.50
,"Michigan","26","2014","2014",22484,5152376,436.38,430.68,442.09,2.91,361.32,356.39,366.25,2.51
,"Michigan","26","2015","2015",22787,5157183,441.85,436.11,447.59,2.93,367.10,362.11,372.09,2.54
,"Michigan","26","2016","2016",23394,5149843,454.27,448.45,460.09,2.97,377.96,372.88,383.04,2.59
,"Michigan","26","2017","2017",23319,5147659,453.00,447.19,458.82,2.97,378.17,373.08,383.27,2.60
,"Michigan","26","2018","2018",23272,5152704,451.65,445.84,457.45,2.96,379.95,374.82,385.09,2.62
,"Michigan","26","2019","2019",22638,5132000,441.11,435.37,446.86,2.93,368.52,363.47,373.57,2.58
"Total","Michigan","26",,,225483,51627080,436.75,434.95,438.56,0.92,365.54,363.97,367.11,0.80
,"Minnesota","27","2010","2010",7802,2833942,275.31,269.20,281.41,3.12,241.62,236.16,247.08,2.79
,"Minnesota","27","2011","2011",8091,2861221,282.78,276.62,288.94,3.14,244.83,239.37,250.29,2.78
,"Minnesota","27","2012","2012",8130,2866848,283.59,277.42,289.75,3.15,245.14,239.67,250.61,2.79
,"Minnesota","27","2013","2013",8251,2878108,286.68,280.50,292.87,3.16,247.11,241.62,252.60,2.80
,"Minnesota","27","2014","2014",8192,2887716,283.68,277.54,289.83,3.13,242.14,236.73,247.55,2.76
,"Minnesota","27","2015","2015",8496,2893266,293.65,287.40,299.89,3.19,249.50,244.01,255.00,2.80
,"Minnesota","27","2016","2016",8713,2891849,301.30,294.97,307.62,3.23,255.32,249.76,260.89,2.84
,"Minnesota","27","2017","2017",8847,2912352,303.78,297.44,310.11,3.23,258.77,253.17,264.37,2.86
,"Minnesota","27","2018","2018",8805,2917126,301.84,295.53,308.14,3.22,256.18,250.61,261.75,2.84
,"Minnesota","27","2019","2019",8925,2917975,305.86,299.52,312.21,3.24,261.95,256.29,267.61,2.89
"Total","Minnesota","27",,,84252,28860403,291.93,289.96,293.90,1.01,250.39,248.65,252.14,0.89
,"Mississippi","28","2010","2010",8541,1526501,559.51,547.65,571.38,6.05,497.62,486.86,508.39,5.49
,"Mississippi","28","2011","2011",8752,1530627,571.79,559.81,583.77,6.11,505.15,494.31,515.99,5.53
,"Mississippi","28","2012","2012",8661,1524397,568.16,556.19,580.12,6.11,499.74,488.94,510.54,5.51
,"Mississippi","28","2013","2013",9037,1523680,593.10,580.88,605.33,6.24,517.69,506.73,528.66,5.60
,"Mississippi","28","2014","2014",9230,1523327,605.91,593.55,618.27,6.31,525.24,514.20,536.27,5.63
,"Mississippi","28","2015","2015",9218,1522290,605.54,593.17,617.90,6.31,525.27,514.20,536.34,5.65
,"Mississippi","28","2016","2016",9349,1520580,614.83,602.37,627.29,6.36,532.74,521.57,543.91,5.70
,"Mississippi","28","2017","2017",9352,1516634,616.63,604.13,629.13,6.38,529.20,518.08,540.32,5.67
,"Mississippi","28","2018","2018",9274,1513990,612.55,600.09,625.02,6.36,526.68,515.55,537.80,5.68
,"Mississippi","28","2019","2019",9332,1507452,619.06,606.50,631.62,6.41,533.47,522.22,544.72,5.74
"Total","Mississippi","28",,,90746,15209478,596.64,592.76,600.52,1.98,519.64,516.16,523.13,1.78
,"Missouri","29","2010","2010",13520,3135933,431.13,423.86,438.40,3.71,377.95,371.43,384.46,3.32
,"Missouri","29","2011","2011",13861,3151871,439.77,432.45,447.09,3.74,380.69,374.18,387.21,3.32
,"Missouri","29","2012","2012",13872,3141806,441.53,434.18,448.88,3.75,381.55,375.01,388.09,3.34
,"Missouri","29","2013","2013",14153,3143205,450.27,442.85,457.69,3.78,386.42,379.84,393.00,3.36
,"Missouri","29","2014","2014",14566,3144893,463.16,455.64,470.69,3.84,395.00,388.36,401.64,3.39
,"Missouri","29","2015","2015",14820,3149875,470.49,462.92,478.07,3.86,399.89,393.20,406.57,3.41
,"Missouri","29","2016","2016",14879,3149425,472.44,464.84,480.03,3.87,404.91,398.13,411.68,3.46
,"Missouri","29","2017","2017",15062,3152576,477.77,470.14,485.40,3.89,407.53,400.74,414.32,3.47
,"Missouri","29","2018","2018",15687,3149273,498.11,490.32,505.91,3.98,426.53,419.56,433.50,3.56
,"Missouri","29","2019","2019",15339,3143302,487.99,480.27,495.71,3.94,417.89,410.97,424.81,3.53
"Total","Missouri","29",,,145759,31462159,463.28,460.91,465.66,1.21,398.23,396.12,400.35,1.08
,"Montana","30","2010","2010",2008,524499,382.84,366.10,399.59,8.54,323.89,309.03,338.75,7.58
,"Montana","30","2011","2011",2148,526990,407.60,390.36,424.84,8.79,342.34,327.08,357.60,7.79
,"Montana","30","2012","2012",2164,526358,411.13,393.80,428.45,8.84,343.37,328.07,358.67,7.81
,"Montana","30","2013","2013",2181,526133,414.53,397.14,431.93,8.88,348.17,332.69,363.65,7.90
,"Montana","30","2014","2014",2155,526415,409.37,392.09,426.66,8.82,337.68,322.55,352.82,7.72
,"Montana","30","2015","2015",2388,527708,452.52,434.37,470.67,9.26,380.69,364.49,396.89,8.26
,"Montana","30","2016","2016",2284,530567,430.48,412.83,448.14,9.01,361.47,345.71,377.24,8.04
,"Montana","30","2017","2017",2260,532735,424.23,406.74,441.72,8.92,355.58,340.02,371.14,7.94
,"Montana","30","2018","2018",2176,535524,406.33,389.26,423.40,8.71,339.03,323.93,354.13,7.70
,"Montana","30","2019","2019",2216,535989,413.44,396.23,430.66,8.78,354.14,338.54,369.74,7.96
"Total","Montana","30",,,21980,5292918,415.27,409.78,420.76,2.80,348.91,344.03,353.79,2.49
,"Nebraska","31","2010","2010",3006,937916,320.50,309.04,331.96,5.85,279.25,269.06,289.45,5.20
,"Nebraska","31","2011","2011",3122,947165,329.62,318.05,341.18,5.90,287.69,277.32,298.06,5.29
,"Nebraska","31","2012","2012",3122,949085,328.95,317.41,340.49,5.89,284.58,274.31,294.84,5.24
,"Nebraska","31","2013","2013",3091,951474,324.86,313.41,336.32,5.84,281.59,271.35,291.82,5.22
,"Nebraska","31","2014","2014",3324,952287,349.05,337.19,360.92,6.05,303.14,292.50,313.78,5.43
,"Nebraska","31","2015","2015",3393,954368,355.52,343.56,367.49,6.10,303.03,292.49,313.58,5.38
,"Nebraska","31","2016","2016",3274,954329,343.07,331.32,354.82,6.00,292.27,281.89,302.65,5.30
,"Nebraska","31","2017","2017",3366,957952,351.37,339.50,363.25,6.06,300.92,290.36,311.47,5.39
,"Nebraska","31","2018","2018",3427,958053,357.70,345.73,369.68,6.11,309.32,298.56,320.07,5.49
,"Nebraska","31","2019","2019",3438,956578,359.41,347.39,371.42,6.13,311.77,300.95,322.59,5.52
"Total","Nebraska","31",,,32563,9519207,342.08,338.36,345.79,1.90,295.44,292.13,298.76,1.69
,"Nevada","32","2010","2010",5820,1462355,397.99,387.76,408.21,5.22,361.87,352.45,371.30,4.81
,"Nevada","32","2011","2011",5942,1469423,404.38,394.09,414.66,5.25,365.31,355.87,374.75,4.82
,"Nevada","32","2012","2012",5952,1479687,402.25,392.03,412.47,5.21,360.14,350.83,369.45,4.75
,"Nevada","32","2013","2013",6106,1492548,409.10,398.84,419.36,5.24,365.03,355.70,374.35,4.76
,"Nevada","32","2014","2014",6153,1519062,405.05,394.93,415.17,5.16,361.84,352.62,371.07,4.71
,"Nevada","32","2015","2015",6342,1547043,409.94,399.85,420.03,5.15,365.81,356.61,375.01,4.69
,"Nevada","32","2016","2016",6553,1571264,417.05,406.95,427.15,5.15,371.89,362.68,381.10,4.70
,"Nevada","32","2017","2017",6621,1604490,412.65,402.71,422.59,5.07,367.15,358.10,376.20,4.62
,"Nevada","32","2018","2018",6626,1620425,408.91,399.06,418.75,5.02,364.50,355.50,373.49,4.59
,"Nevada","32","2019","2019",6579,1641325,400.83,391.15,410.52,4.94,356.03,347.21,364.85,4.50
"Total","Nevada","32",,,62694,15407622,406.90,403.72,410.09,1.63,364.01,361.10,366.92,1.48
,"New Hampshire","33","2010","2010",2217,727854,304.59,291.91,317.27,6.47,255.12,244.14,266.09,5.60
,"New Hampshire","33","2011","2011",2364,729048,324.26,311.19,337.33,6.67,263.16,252.15,274.17,5.62
,"New Hampshire","33","2012","2012",2338,726322,321.90,308.85,334.94,6.66,260.69,249.67,271.70,5.62
,"New Hampshire","33","2013","2013",2365,722083,327.52,314.32,340.72,6.73,263.12,252.03,274.21,5.66
,"New Hampshire","33","2014","2014",2574,720203,357.40,343.59,371.21,7.04,291.82,279.93,303.71,6.06
,"New Hampshire","33","2015","2015",2662,718643,370.42,356.35,384.49,7.18,309.05,296.58,321.53,6.36
,"New Hampshire","33","2016","2016",2826,719887,392.56,378.09,407.04,7.38,328.97,316.02,341.92,6.61
,"New Hampshire","33","2017","2017",2757,720806,382.49,368.21,396.77,7.28,314.69,302.17,327.21,6.39
,"New Hampshire","33","2018","2018",2888,726506,397.52,383.02,412.02,7.40,328.36,315.57,341.14,6.52
,"New Hampshire","33","2019","2019",2785,726903,383.13,368.90,397.36,7.26,316.27,303.70,328.85,6.41
"Total","New Hampshire","33",,,25776,7238255,356.11,351.76,360.46,2.22,292.88,289.11,296.65,1.92
,"New Jersey","34","2010","2010",15021,4773459,314.68,309.65,319.71,2.57,276.09,271.62,280.57,2.29
,"New Jersey","34","2011","2011",15427,4796209,321.65,316.57,326.73,2.59,279.38,274.89,283.87,2.29
,"New Jersey","34","2012","2012",15144,4802440,315.34,310.32,320.36,2.56,273.09,268.65,277.52,2.26
,"New Jersey","34","2013","2013",15219,4801833,316.94,311.91,321.98,2.57,273.98,269.53,278.44,2.27
,"New Jersey","34","2014","2014",15201,4815425,315.67,310.65,320.69,2.56,270.22,265.82,274.63,2.25
,"New Jersey","34","2015","2015",15370,4822821,318.69,313.65,323.73,2.57,271.59,267.18,276.01,2.25
,"New Jersey","34","2016","2016",16161,4800362,336.66,331.47,341.85,2.65,288.52,283.93,293.11,2.34
,"New Jersey","34","2017","2017",16636,4820805,345.09,339.84,350.33,2.68,296.98,292.31,301.64,2.38
,"New Jersey","34","2018","2018",16615,4750344,349.76,344.45,355.08,2.71,300.32,295.58,305.05,2.42
,"New Jersey","34","2019","2019",16254,4714443,344.77,339.47,350.07,2.70,294.94,290.23,299.65,2.40
"Total","New Jersey","34",,,157048,47898141,327.88,326.26,329.50,0.83,282.40,280.97,283.84,0.73
,"New Mexico","35","2010","2010",4471,1064713,419.93,407.62,432.23,6.28,374.40,363.10,385.70,5.77
,"New Mexico","35","2011","2011",4721,1073422,439.81,427.26,452.35,6.40,390.56,379.04,402.09,5.88
,"New Mexico","35","2012","2012",4776,1069038,446.76,434.09,459.43,6.46,396.76,385.11,408.41,5.95
,"New Mexico","35","2013","2013",4735,1060551,446.47,433.75,459.18,6.49,395.62,383.93,407.30,5.96
,"New Mexico","35","2014","2014",5040,1056333,477.12,463.95,490.29,6.72,424.54,412.37,436.72,6.21
,"New Mexico","35","2015","2015",5002,1052946,475.05,461.88,488.21,6.72,427.45,415.12,439.77,6.29
,"New Mexico","35","2016","2016",5224,1047564,498.68,485.16,512.20,6.90,443.16,430.62,455.69,6.39
,"New Mexico","35","2017","2017",5150,1048233,491.30,477.88,504.72,6.85,439.92,427.39,452.46,6.39
,"New Mexico","35","2018","2018",5200,1049631,495.41,481.95,508.88,6.87,445.37,432.75,457.99,6.44
,"New Mexico","35","2019","2019",5472,1047510,522.38,508.54,536.22,7.06,473.62,460.54,486.70,6.67
"Total","New Mexico","35",,,49791,10569941,471.06,466.92,475.20,2.11,420.95,417.11,424.79,1.96
,"New York","36","2010","2010",32480,10451713,310.76,307.38,314.14,1.72,274.96,271.92,278.00,1.55
,"New York","36","2011","2011",32790,10528878,311.43,308.06,314.80,1.72,273.44,270.42,276.46,1.54
,"New York","36","2012","2012",32647,10551889,309.39,306.04,312.75,1.71,270.53,267.53,273.53,1.53
,"New York","36","2013","2013",32758,10596124,309.15,305.80,312.50,1.71,270.16,267.16,273.15,1.53
,"New York","36","2014","2014",32767,10643845,307.85,304.52,311.18,1.70,267.97,265.00,270.95,1.52
,"New York","36","2015","2015",32809,10678246,307.25,303.93,310.58,1.70,267.52,264.54,270.49,1.52
,"New York","36","2016","2016",34200,10627170,321.82,318.41,325.23,1.74,280.47,277.40,283.53,1.56
,"New York","36","2017","2017",33692,10660167,316.06,312.68,319.43,1.72,275.30,272.26,278.34,1.55
,"New York","36","2018","2018",33231,10460407,317.68,314.27,321.10,1.74,275.31,272.24,278.38,1.56
,"New York","36","2019","2019",32959,10366572,317.94,314.50,321.37,1.75,275.81,272.72,278.90,1.58
"Total","New York","36",,,330333,105565011,312.92,311.85,313.99,0.54,273.15,272.20,274.11,0.49
,"North Carolina","37","2010","2010",20546,5081151,404.36,398.83,409.89,2.82,358.48,353.50,363.46,2.54
,"North Carolina","37","2011","2011",20971,5136260,408.29,402.77,413.82,2.82,357.22,352.30,362.15,2.51
,"North Carolina","37","2012","2012",21202,5145514,412.05,406.50,417.59,2.83,359.98,355.03,364.92,2.52
,"North Carolina","37","2013","2013",21448,5169971,414.86,409.31,420.41,2.83,360.72,355.79,365.66,2.52
,"North Carolina","37","2014","2014",21919,5205165,421.10,415.53,426.68,2.84,364.79,359.84,369.74,2.52
,"North Carolina","37","2015","2015",22416,5247313,427.19,421.60,432.78,2.85,368.58,363.63,373.54,2.53
,"North Carolina","37","2016","2016",23323,5312369,439.03,433.40,444.67,2.87,378.62,373.61,383.62,2.55
,"North Carolina","37","2017","2017",23809,5368112,443.53,437.89,449.16,2.87,383.66,378.63,388.69,2.56
,"North Carolina","37","2018","2018",23662,5409876,437.39,431.81,442.96,2.84,377.10,372.14,382.07,2.53
,"North Carolina","37","2019","2019",23760,5445688,436.31,430.76,441.86,2.83,376.53,371.57,381.48,2.53
"Total","North Carolina","37",,,223056,52521419,424.70,422.93,426.46,0.90,368.88,367.31,370.45,0.80
,"North Dakota","38","2010","2010",1101,344223,319.85,300.96,338.74,9.64,280.39,263.26,297.52,8.74
,"North Dakota","38","2011","2011",1172,350238,334.63,315.47,353.79,9.77,290.82,273.54,308.09,8.82
,"North Dakota","38","2012","2012",1250,356961,350.18,330.77,369.59,9.90,312.96,294.92,331.00,9.21
,"North Dakota","38","2013","2013",1320,365188,361.46,341.96,380.96,9.95,322.11,304.04,340.19,9.22
,"North Dakota","38","2014","2014",1273,372005,342.20,323.40,361.00,9.59,302.54,285.25,319.83,8.82
,"North Dakota","38","2015","2015",1393,380243,366.34,347.11,385.58,9.82,328.73,310.75,346.72,9.18
,"North Dakota","38","2016","2016",1348,380530,354.24,335.33,373.15,9.65,318.14,300.41,335.87,9.05
,"North Dakota","38","2017","2017",1344,379974,353.71,334.80,372.62,9.65,316.12,298.48,333.76,9.00
,"North Dakota","38","2018","2018",1370,380030,360.50,341.41,379.59,9.74,324.54,306.57,342.50,9.17
,"North Dakota","38","2019","2019",1413,379224,372.60,353.17,392.03,9.91,335.17,316.92,353.42,9.31
"Total","North Dakota","38",,,12984,3688616,352.00,345.95,358.06,3.09,313.69,308.08,319.30,2.86
,"Ohio","39","2010","2010",25805,6084247,424.13,418.95,429.30,2.64,362.20,357.67,366.73,2.31
,"Ohio","39","2011","2011",26704,6100315,437.75,432.50,443.00,2.68,370.24,365.66,374.82,2.34
,"Ohio","39","2012","2012",26767,6066755,441.21,435.92,446.49,2.70,371.87,367.26,376.48,2.35
,"Ohio","39","2013","2013",27120,6059879,447.53,442.21,452.86,2.72,377.23,372.57,381.89,2.38
,"Ohio","39","2014","2014",27622,6056980,456.04,450.66,461.41,2.74,383.63,378.93,388.34,2.40
,"Ohio","39","2015","2015",28512,6056662,470.75,465.29,476.22,2.79,398.02,393.20,402.84,2.46
,"Ohio","39","2016","2016",29922,6040087,495.39,489.78,501.00,2.86,421.50,416.51,426.49,2.55
,"Ohio","39","2017","2017",31020,6036670,513.86,508.14,519.58,2.92,440.36,435.23,445.49,2.62
,"Ohio","39","2018","2018",29610,6032897,490.81,485.22,496.40,2.85,417.62,412.63,422.60,2.54
,"Ohio","39","2019","2019",29628,6004450,493.43,487.82,499.05,2.87,420.08,415.06,425.09,2.56
"Total","Ohio","39",,,282710,60538942,466.99,465.27,468.71,0.88,396.34,394.83,397.86,0.77
,"Oklahoma","40","2010","2010",9991,1933785,516.66,506.52,526.79,5.17,458.42,449.24,467.60,4.69
,"Oklahoma","40","2011","2011",10216,1949609,524.00,513.84,534.16,5.18,461.43,452.26,470.61,4.68
,"Oklahoma","40","2012","2012",10214,1951706,523.34,513.19,533.49,5.18,462.47,453.26,471.68,4.70
,"Oklahoma","40","2013","2013",10625,1961484,541.68,531.38,551.98,5.26,477.83,468.49,487.18,4.77
,"Oklahoma","40","2014","2014",10720,1970518,544.02,533.72,554.32,5.25,477.70,468.39,487.02,4.75
,"Oklahoma","40","2015","2015",10914,1984030,550.09,539.77,560.41,5.27,482.74,473.40,492.08,4.77
,"Oklahoma","40","2016","2016",10867,1988714,546.43,536.16,556.71,5.24,481.15,471.80,490.50,4.77
,"Oklahoma","40","2017","2017",10951,1988880,550.61,540.30,560.92,5.26,480.72,471.41,490.04,4.75
,"Oklahoma","40","2018","2018",10802,1987360,543.54,533.28,553.79,5.23,473.59,464.34,482.84,4.72
,"Oklahoma","40","2019","2019",10706,1988696,538.34,528.15,548.54,5.20,470.67,461.43,479.91,4.71
"Total","Oklahoma","40",,,106006,19704782,537.97,534.73,541.21,1.65,472.98,470.05,475.91,1.50
,"Oregon","41","2010","2010",7301,2072310,352.31,344.23,360.39,4.12,301.81,294.68,308.94,3.64
,"Oregon","41","2011","2011",7510,2090488,359.25,351.12,367.37,4.15,305.98,298.81,313.14,3.65
,"Oregon","41","2012","2012",7499,2092106,358.44,350.33,366.56,4.14,304.55,297.42,311.69,3.64
,"Oregon","41","2013","2013",7574,2097637,361.07,352.94,369.20,4.15,304.69,297.58,311.81,3.63
,"Oregon","41","2014","2014",7808,2113451,369.44,361.25,377.64,4.18,312.96,305.76,320.17,3.67
,"Oregon","41","2015","2015",7846,2141461,366.39,358.28,374.49,4.14,312.18,305.01,319.34,3.66
,"Oregon","41","2016","2016",7830,2170282,360.78,352.79,368.77,4.08,308.21,301.14,315.29,3.61
,"Oregon","41","2017","2017",7825,2197258,356.13,348.23,364.02,4.03,305.48,298.48,312.49,3.57
,"Oregon","41","2018","2018",7696,2213411,347.70,339.93,355.47,3.96,300.61,293.68,307.55,3.54
,"Oregon","41","2019","2019",7847,2222073,353.14,345.33,360.95,3.99,307.22,300.21,314.23,3.58
"Total","Oregon","41",,,76736,21410477,358.40,355.87,360.94,1.29,306.53,304.28,308.77,1.14
,"Pennsylvania","42","2010","2010",26025,6689536,389.04,384.31,393.77,2.41,329.75,325.63,333.87,2.10
,"Pennsylvania","42","2011","2011",27299,6733772,405.40,400.60,410.21,2.45,340.82,336.64,345.01,2.13
,"Pennsylvania","42","2012","2012",26534,6717521,395.00,390.24,399.75,2.42,332.17,328.02,336.31,2.11
,"Pennsylvania","42","2013","2013",26884,6722262,399.92,395.14,404.71,2.44,335.03,330.86,339.19,2.13
,"Pennsylvania","42","2014","2014",27165,6725386,403.92,399.11,408.72,2.45,336.78,332.61,340.96,2.13
,"Pennsylvania","42","2015","2015",28083,6727908,417.41,412.53,422.29,2.49,349.53,345.25,353.80,2.18
,"Pennsylvania","42","2016","2016",29170,6698103,435.50,430.50,440.49,2.55,369.22,364.77,373.66,2.27
,"Pennsylvania","42","2017","2017",29623,6684956,443.13,438.08,448.18,2.57,377.12,372.61,381.64,2.30
,"Pennsylvania","42","2018","2018",28671,6662237,430.35,425.37,435.33,2.54,363.13,358.71,367.55,2.25
,"Pennsylvania","42","2019","2019",28430,6631855,428.69,423.71,433.67,2.54,362.41,357.98,366.84,2.26
"Total","Pennsylvania","42",,,277884,66993536,414.79,413.25,416.33,0.79,349.73,348.37,351.08,0.69
,"Rhode Island","44","2010","2010",1915,556761,343.95,328.55,359.36,7.86,294.10,280.62,307.58,6.88
,"Rhode Island","44","2011","2011",1962,556524,352.55,336.95,368.15,7.96,296.09,282.61,309.58,6.88
,"Rhode Island","44","2012","2012",1880,554728,338.90,323.58,354.22,7.82,285.25,271.94,298.55,6.79
,"Rhode Island","44","2013","2013",2012,556756,361.38,345.59,377.17,8.06,303.68,289.96,317.41,7.00
,"Rhode Island","44","2014","2014",1984,559044,354.89,339.28,370.51,7.97,299.28,285.62,312.95,6.97
,"Rhode Island","44","2015","2015",2050,560300,365.88,350.04,381.71,8.08,305.36,291.60,319.13,7.02
,"Rhode Island","44","2016","2016",2079,559705,371.45,355.48,387.41,8.15,313.06,298.97,327.14,7.19
,"Rhode Island","44","2017","2017",2049,560616,365.49,349.67,381.32,8.07,309.08,295.04,323.12,7.16
,"Rhode Island","44","2018","2018",1935,558945,346.19,330.76,361.61,7.87,289.89,276.31,303.47,6.93
,"Rhode Island","44","2019","2019",2013,558269,360.58,344.83,376.33,8.04,310.14,295.90,324.38,7.27
"Total","Rhode Island","44",,,19879,5581648,356.15,351.20,361.10,2.53,300.68,296.34,305.02,2.21
,"South Carolina","45","2010","2010",12027,2436571,493.60,484.78,502.43,4.50,428.40,420.56,436.25,4.00
,"South Carolina","45","2011","2011",11901,2459362,483.91,475.21,492.60,4.44,417.88,410.15,425.61,3.94
,"South Carolina","45","2012","2012",11990,2463763,486.65,477.94,495.36,4.44,417.19,409.50,424.89,3.93
,"South Carolina","45","2013","2013",12189,2479217,491.65,482.92,500.38,4.45,420.86,413.15,428.58,3.94
,"South Carolina","45","2014","2014",12544,2503893,500.98,492.21,509.75,4.47,427.52,419.78,435.26,3.95
,"South Carolina","45","2015","2015",12922,2532639,510.22,501.42,519.02,4.49,437.72,429.90,445.54,3.99
,"South Carolina","45","2016","2016",13221,2564730,515.49,506.71,524.28,4.48,441.90,434.08,449.73,3.99
,"South Carolina","45","2017","2017",13514,2587330,522.31,513.51,531.12,4.49,445.97,438.15,453.80,3.99
,"South Carolina","45","2018","2018",13469,2610044,516.04,507.33,524.76,4.45,441.33,433.56,449.09,3.96
,"South Carolina","45","2019","2019",13433,2633109,510.16,501.53,518.78,4.40,438.12,430.39,445.85,3.94
"Total","South Carolina","45",,,127210,25270658,503.39,500.62,506.16,1.41,432.13,429.67,434.59,1.25
,"South Dakota","46","2010","2010",1433,413263,346.75,328.80,364.71,9.16,301.10,285.03,317.16,8.20
,"South Dakota","46","2011","2011",1465,419259,349.43,331.53,367.32,9.13,302.40,286.36,318.44,8.18
,"South Dakota","46","2012","2012",1520,423390,359.01,340.96,377.06,9.21,310.87,294.65,327.09,8.28
,"South Dakota","46","2013","2013",1503,425758,353.02,335.17,370.86,9.11,305.98,289.83,322.12,8.24
,"South Dakota","46","2014","2014",1652,426867,387.01,368.34,405.67,9.52,337.54,320.51,354.56,8.69
,"South Dakota","46","2015","2015",1638,428051,382.66,364.13,401.20,9.45,330.83,314.05,347.62,8.56
,"South Dakota","46","2016","2016",1665,428757,388.33,369.68,406.98,9.52,333.46,316.64,350.29,8.59
,"South Dakota","46","2017","2017",1728,430383,401.50,382.57,420.43,9.66,347.87,330.66,365.09,8.78
,"South Dakota","46","2018","2018",1692,434346,389.55,370.99,408.11,9.47,333.66,316.96,350.36,8.52
,"South Dakota","46","2019","2019",1774,433291,409.42,390.37,428.48,9.72,354.28,336.94,371.63,8.85
"Total","South Dakota","46",,,16070,4263365,376.93,371.10,382.76,2.97,325.80,320.55,331.06,2.68
,"Tennessee","47","2010","2010",16849,3390278,496.98,489.48,504.48,3.83,437.83,431.08,444.58,3.44
,"Tennessee","47","2011","2011",17429,3417653,509.97,502.40,517.54,3.86,444.29,437.53,451.05,3.45
,"Tennessee","47","2012","2012",17525,3419492,512.50,504.92,520.09,3.87,445.00,438.24,451.76,3.45
,"Tennessee","47","2013","2013",17662,3422095,516.12,508.50,523.73,3.88,446.38,439.62,453.14,3.45
,"Tennessee","47","2014","2014",18238,3437470,530.56,522.86,538.26,3.93,458.98,452.12,465.83,3.50
,"Tennessee","47","2015","2015",18531,3459568,535.64,527.93,543.36,3.93,461.56,454.71,468.41,3.50
,"Tennessee","47","2016","2016",18845,3484480,540.83,533.10,548.55,3.94,467.27,460.38,474.16,3.52
,"Tennessee","47","2017","2017",19282,3519207,547.91,540.17,555.64,3.95,474.18,467.26,481.11,3.53
,"Tennessee","47","2018","2018",19718,3540303,556.96,549.18,564.73,3.97,482.64,475.67,489.61,3.56
,"Tennessee","47","2019","2019",19770,3563290,554.82,547.09,562.56,3.95,481.97,475.01,488.93,3.55
"Total","Tennessee","47",,,183849,34653836,530.53,528.10,532.96,1.24,460.48,458.31,462.65,1.11
,"Texas","48","2010","2010",46883,13104882,357.75,354.51,360.99,1.65,335.84,332.78,338.90,1.56
,"Texas","48","2011","2011",47969,13377616,358.58,355.37,361.79,1.64,333.00,329.99,336.01,1.53
,"Texas","48","2012","2012",48880,13551245,360.70,357.51,363.90,1.63,334.02,331.03,337.01,1.53
,"Texas","48","2013","2013",49900,13726277,363.54,360.35,366.73,1.63,335.83,332.85,338.81,1.52
,"Texas","48","2014","2014",51604,13994581,368.74,365.56,371.92,1.62,339.69,336.72,342.66,1.51
,"Texas","48","2015","2015",52128,14260522,365.54,362.40,368.68,1.60,335.74,332.81,338.66,1.49
,"Texas","48","2016","2016",52996,14447047,366.83,363.71,369.95,1.59,335.57,332.67,338.47,1.48
,"Texas","48","2017","2017",54147,14697418,368.41,365.31,371.51,1.58,337.40,334.52,340.29,1.47
,"Texas","48","2018","2018",54554,14905347,366.00,362.93,369.07,1.57,334.70,331.84,337.55,1.46
,"Texas","48","2019","2019",54141,15048542,359.78,356.75,362.81,1.55,329.88,327.05,332.70,1.44
"Total","Texas","48",,,513202,141113477,363.68,362.69,364.68,0.51,335.30,334.38,336.23,0.47
,"Utah","49","2010","2010",3688,1325367,278.26,269.28,287.24,4.58,280.33,271.19,289.48,4.67
,"Utah","49","2011","2011",3837,1350506,284.12,275.13,293.11,4.59,283.74,274.66,292.83,4.63
,"Utah","49","2012","2012",3947,1368909,288.33,279.34,297.33,4.59,287.08,278.01,296.14,4.63
,"Utah","49","2013","2013",3999,1388336,288.04,279.12,296.97,4.55,282.60,273.73,291.47,4.53
,"Utah","49","2014","2014",4198,1410139,297.70,288.70,306.71,4.59,293.93,284.92,302.94,4.60
,"Utah","49","2015","2015",4354,1435234,303.37,294.35,312.38,4.60,295.91,287.00,304.82,4.54
,"Utah","49","2016","2016",4478,1464997,305.67,296.71,314.62,4.57,298.36,289.50,307.22,4.52
,"Utah","49","2017","2017",4448,1493901,297.74,288.99,306.49,4.46,291.46,282.77,300.15,4.43
,"Utah","49","2018","2018",4413,1521855,289.98,281.42,298.53,4.37,284.29,275.79,292.79,4.34
,"Utah","49","2019","2019",4377,1546823,282.97,274.58,291.35,4.28,277.20,268.89,285.52,4.24
"Total","Utah","49",,,41739,14306067,291.76,288.96,294.56,1.43,287.59,284.80,290.39,1.43
,"Vermont","50","2010","2010",1111,340557,326.23,307.05,345.41,9.79,260.31,244.34,276.28,8.15
,"Vermont","50","2011","2011",1194,340108,351.06,331.15,370.98,10.16,283.96,266.98,300.93,8.66
,"Vermont","50","2012","2012",1116,337293,330.87,311.46,350.28,9.90,261.81,245.61,278.02,8.27
,"Vermont","50","2013","2013",1145,334504,342.30,322.47,362.12,10.12,276.82,259.82,293.82,8.67
,"Vermont","50","2014","2014",1127,331232,340.24,320.38,360.11,10.14,271.60,254.73,288.48,8.61
,"Vermont","50","2015","2015",1230,328298,374.66,353.72,395.60,10.68,294.42,276.85,311.99,8.96
,"Vermont","50","2016","2016",1250,325391,384.15,362.86,405.45,10.87,309.43,291.08,327.78,9.36
,"Vermont","50","2017","2017",1244,323110,385.01,363.61,406.40,10.92,312.16,293.55,330.78,9.50
,"Vermont","50","2018","2018",1239,321900,384.90,363.47,406.33,10.93,318.44,299.44,337.44,9.69
,"Vermont","50","2019","2019",1250,319105,391.72,370.00,413.44,11.08,317.78,298.92,336.63,9.62
"Total","Vermont","50",,,11906,3301498,360.62,354.15,367.10,3.31,290.40,284.86,295.94,2.83
,"Virginia","51","2010","2010",14766,4368311,338.03,332.57,343.48,2.78,300.64,295.72,305.56,2.51
,"Virginia","51","2011","2011",15098,4417927,341.74,336.29,347.20,2.78,300.84,295.96,305.73,2.49
,"Virginia","51","2012","2012",15082,4443432,339.42,334.01,344.84,2.76,299.08,294.21,303.94,2.48
,"Virginia","51","2013","2013",15315,4461282,343.29,337.85,348.72,2.77,300.65,295.79,305.51,2.48
,"Virginia","51","2014","2014",15720,4480907,350.82,345.34,356.31,2.80,306.96,302.05,311.87,2.50
,"Virginia","51","2015","2015",16053,4501210,356.64,351.12,362.15,2.81,310.61,305.69,315.54,2.51
,"Virginia","51","2016","2016",16460,4500734,365.72,360.13,371.31,2.85,317.64,312.65,322.63,2.54
,"Virginia","51","2017","2017",16778,4524481,370.83,365.22,376.44,2.86,320.42,315.43,325.41,2.55
,"Virginia","51","2018","2018",16694,4527445,368.73,363.14,374.32,2.85,319.56,314.57,324.56,2.55
,"Virginia","51","2019","2019",16458,4517568,364.31,358.75,369.88,2.84,314.33,309.37,319.29,2.53
"Total","Virginia","51",,,158424,44743297,354.07,352.33,355.82,0.89,309.34,307.78,310.89,0.80
,"Washington","53","2010","2010",11502,3665456,313.79,308.06,319.53,2.93,275.94,270.80,281.08,2.62
,"Washington","53","2011","2011",11813,3717667,317.75,312.02,323.48,2.92,276.69,271.59,281.80,2.61
,"Washington","53","2012","2012",11801,3735749,315.89,310.19,321.59,2.91,275.08,269.99,280.16,2.59
,"Washington","53","2013","2013",12027,3758089,320.03,314.31,325.75,2.92,277.86,272.76,282.96,2.60
,"Washington","53","2014","2014",12387,3797484,326.19,320.45,331.93,2.93,283.18,278.05,288.31,2.62
,"Washington","53","2015","2015",12606,3856093,326.91,321.20,332.62,2.91,284.95,279.83,290.07,2.61
,"Washington","53","2016","2016",12506,3916245,319.34,313.74,324.93,2.86,279.11,274.07,284.16,2.57
,"Washington","53","2017","2017",13022,3992016,326.20,320.60,331.80,2.86,287.12,282.04,292.20,2.59
,"Washington","53","2018","2018",12913,4050628,318.79,313.29,324.29,2.81,282.33,277.31,287.34,2.56
,"Washington","53","2019","2019",13012,4083601,318.64,313.17,324.12,2.79,284.47,279.44,289.50,2.57
"Total","Washington","53",,,123589,38573028,320.40,318.62,322.19,0.91,280.92,279.31,282.53,0.82
,"West Virginia","54","2010","2010",5502,999173,550.66,536.10,565.21,7.42,461.83,449.12,474.55,6.49
,"West Virginia","54","2011","2011",5813,998103,582.40,567.43,597.38,7.64,493.14,479.86,506.41,6.77
,"West Virginia","54","2012","2012",5800,988284,586.88,571.77,601.98,7.71,491.98,478.71,505.26,6.77
,"West Virginia","54","2013","2013",5739,980669,585.21,570.07,600.35,7.72,488.96,475.69,502.23,6.77
,"West Virginia","54","2014","2014",5822,971058,599.55,584.15,614.95,7.86,499.33,485.85,512.81,6.88
,"West Virginia","54","2015","2015",6010,962650,624.32,608.53,640.10,8.05,518.28,504.50,532.06,7.03
,"West Virginia","54","2016","2016",6186,950882,650.55,634.34,666.77,8.27,548.70,534.30,563.10,7.34
,"West Virginia","54","2017","2017",6301,935935,673.23,656.61,689.85,8.48,567.89,553.12,582.67,7.54
,"West Virginia","54","2018","2018",6205,924945,670.85,654.16,687.54,8.52,562.73,547.99,577.48,7.52
,"West Virginia","54","2019","2019",6117,911783,670.88,654.07,687.70,8.58,565.12,550.20,580.05,7.62
"Total","West Virginia","54",,,59495,9623482,618.23,613.26,623.20,2.53,518.82,514.45,523.20,2.23
,"Wisconsin","55","2010","2010",9773,3020924,323.51,317.10,329.92,3.27,278.86,273.21,284.52,2.89
,"Wisconsin","55","2011","2011",10240,3037475,337.12,330.59,343.65,3.33,285.91,280.22,291.61,2.91
,"Wisconsin","55","2012","2012",10152,3030272,335.02,328.50,341.54,3.33,284.06,278.35,289.76,2.91
,"Wisconsin","55","2013","2013",10490,3025987,346.66,340.03,353.30,3.38,292.13,286.33,297.92,2.95
,"Wisconsin","55","2014","2014",10460,3018183,346.57,339.92,353.21,3.39,289.25,283.48,295.01,2.94
,"Wisconsin","55","2015","2015",10611,3011208,352.38,345.68,359.09,3.42,293.65,287.82,299.47,2.97
,"Wisconsin","55","2016","2016",11019,3000736,367.21,360.35,374.07,3.50,306.27,300.29,312.25,3.05
,"Wisconsin","55","2017","2017",10950,3001069,364.87,358.04,371.70,3.49,305.59,299.59,311.59,3.06
,"Wisconsin","55","2018","2018",10945,3000227,364.81,357.97,371.64,3.49,303.60,297.63,309.57,3.05
,"Wisconsin","55","2019","2019",11015,2992524,368.08,361.21,374.96,3.51,307.77,301.72,313.81,3.08
"Total","Wisconsin","55",,,105655,30138605,350.56,348.45,352.68,1.08,294.65,292.81,296.50,0.94
,"Wyoming","56","2010","2010",1226,301705,406.36,383.61,429.10,11.61,353.44,333.01,373.87,10.43
,"Wyoming","56","2011","2011",1182,303725,389.17,366.98,411.35,11.32,340.18,319.99,360.37,10.30
,"Wyoming","56","2012","2012",1213,307270,394.77,372.55,416.98,11.33,345.51,325.27,365.75,10.33
,"Wyoming","56","2013","2013",1206,307724,391.91,369.79,414.03,11.29,340.71,320.67,360.76,10.23
,"Wyoming","56","2014","2014",1252,306746,408.16,385.55,430.76,11.54,356.81,336.15,377.47,10.54
,"Wyoming","56","2015","2015",1290,305999,421.57,398.56,444.58,11.74,371.20,349.98,392.42,10.83
,"Wyoming","56","2016","2016",1236,303600,407.11,384.42,429.81,11.58,353.74,333.02,374.46,10.57
,"Wyoming","56","2017","2017",1224,298686,409.79,386.84,432.75,11.71,350.74,330.06,371.42,10.55
,"Wyoming","56","2018","2018",1215,295220,411.56,388.42,434.70,11.81,357.90,336.75,379.05,10.79
,"Wyoming","56","2019","2019",1233,293325,420.35,396.89,443.82,11.97,366.06,344.63,387.49,10.94
"Total","Wyoming","56",,,12277,3024000,405.99,398.80,413.17,3.66,353.90,347.37,360.44,3.33
"Total",,,,,6493914,1679032524,386.77,386.47,387.06,0.15,337.98,337.71,338.24,0.14
"---"
"Dataset: Underlying Cause of Death, 1999-2020"
"Query Parameters:"
"Ten-Year Age Groups: 25-34 years; 35-44 years; 45-54 years; 55-64 years"
"Year/Month: 2010; 2011; 2012; 2013; 2014; 2015; 2016; 2017; 2018; 2019"
"Group By: State; Year"
"Show Totals: True"
"Show Zero Values: True"
"Show Suppressed: True"
"Standard Population: 2000 U.S. Std. Population"
"Calculate Rates Per: 100,000"
"Rate Options: Default intercensal populations for years 2001-2009 (except Infant Age Groups)"
"---"
"Help: See http://wonder.cdc.gov/wonder/help/ucd.html for more information."
"---"
"Query Date: Jun 3, 2026 2:26:43 PM"
"---"
"Suggested Citation: Centers for Disease Control and Prevention, National Center for Health Statistics. National Vital Statistics"
"System, Mortality 1999-2020 on CDC WONDER Online Database, released in 2021. Data are from the Multiple Cause of Death Files,"
"1999-2020, as compiled from data provided by the 57 vital statistics jurisdictions through the Vital Statistics Cooperative"
"Program. Accessed at http://wonder.cdc.gov/ucd-icd10.html on Jun 3, 2026 2:26:43 PM"
"---"
Caveats:
"1. As of April 3, 2017, the underlying cause of death has been revised for 125 deaths in 2014. More information:"
"http://wonder.cdc.gov/wonder/help/ucd.html#2014-Revision."
"2. The populations used to calculate standard age-adjusted rates are documented here: More information:"
"http://wonder.cdc.gov/wonder/help/ucd.html#2000 Standard Population."
"3. The method used to calculate age-adjusted rates is documented here: More information:"
"http://wonder.cdc.gov/wonder/help/ucd.html#Age-Adjusted Rates."
"4. Deaths of persons with Age ""Not Stated"" are included in ""All"" counts and rates, but are not distributed among age groups,"
"so are not included in age-specific counts, age-specific rates or in any age-adjusted rates. More information:"
"http://wonder.cdc.gov/wonder/help/ucd.html#Not Stated."
"5. The method used to calculate 95% confidence intervals is documented here: More information:"
"http://wonder.cdc.gov/wonder/help/ucd.html#Confidence-Intervals."
"6. The method used to calculate standard errors is documented here: More information:"
"http://wonder.cdc.gov/wonder/help/ucd.html#Standard-Errors."
"7. The population figures for year 2020 are bridged-race estimates of the July 1 resident population, from the Vintage 2020"
"postcensal series released by NCHS on September 22, 2021. The population figures for year 2019 are bridged-race estimates of the"
"July 1 resident population, from the Vintage 2019 postcensal series released by NCHS on July 9, 2020. The population figures for"
"year 2018 are bridged-race estimates of the July 1 resident population, from the Vintage 2018 postcensal series released by NCHS"
"on June 25, 2019. The population figures for year 2017 are bridged-race estimates of the July 1 resident population, from the"
"Vintage 2017 postcensal series released by NCHS on June 27, 2018. The population figures for year 2016 are bridged-race"
"estimates of the July 1 resident population, from the Vintage 2016 postcensal series released by NCHS on June 26, 2017. The"
"population figures for year 2015 are bridged-race estimates of the July 1 resident population, from the Vintage 2015 postcensal"
"series released by NCHS on June 28, 2016. The population figures for year 2014 are bridged-race estimates of the July 1 resident"
"population, from the Vintage 2014 postcensal series released by NCHS on June 30, 2015. The population figures for year 2013 are"
"bridged-race estimates of the July 1 resident population, from the Vintage 2013 postcensal series released by NCHS on June 26,"
"2014. The population figures for year 2012 are bridged-race estimates of the July 1 resident population, from the Vintage 2012"
"postcensal series released by NCHS on June 13, 2013. The population figures for year 2011 are bridged-race estimates of the July"
"1 resident population, from the Vintage 2011 postcensal series released by NCHS on July 18, 2012. Population figures for 2010"
"are April 1 Census counts. The population figures for years 2001 - 2009 are bridged-race estimates of the July 1 resident"
"population, from the revised intercensal county-level 2000 - 2009 series released by NCHS on October 26, 2012. Population"
"figures for 2000 are April 1 Census counts. Population figures for 1999 are from the 1990-1999 intercensal series of July 1"
"estimates. Population figures for the infant age groups are the number of live births. <br/><b>Note:</b> Rates and population"
"figures for years 2001 - 2009 differ slightly from previously published reports, due to use of the population estimates which"
"were available at the time of release."
